,age,wtkg,hemo,homo,drugs,karnof,oprior,z30,zprior,preanti,race,gender,str2,strat,symptom,cd40,cd80,arms
37,29,62.6,0,1,0,100,0,1,1,635,0,1,1,3,1,186,1962,2
1047,31,41.0,0,0,1,100,0,1,1,1027,0,0,1,3,0,714,1155,1
849,38,73.3,0,0,0,90,0,1,1,531,1,1,1,3,0,273,2096,1
1418,33,66.906,0,1,0,90,0,1,1,780,0,1,1,3,0,468,1011,1
305,50,65.772,0,1,1,100,0,0,1,0,1,1,0,1,0,515,1396,2
686,40,72.3492,0,1,0,90,0,0,1,0,0,1,0,1,0,234,2076,1
173,42,82.7,0,1,0,90,0,1,1,827,0,1,1,3,0,380,926,3
1908,27,62.5968,0,0,0,90,0,0,1,0,1,0,0,1,0,647,988,2
1944,45,78.0,0,0,1,100,0,0,1,0,1,1,0,1,0,380,490,1
97,22,69.0,0,0,0,100,0,0,1,0,1,0,0,1,0,530,1070,0
640,37,70.9884,0,0,1,90,0,1,1,819,1,1,1,3,0,309,995,3
1978,27,90.08496,0,0,1,100,0,0,1,0,1,1,0,1,0,462,1034,0
812,29,74.7,0,1,0,80,0,1,1,339,0,1,1,2,0,339,999,3
1507,35,64.8648,0,0,0,100,0,1,1,234,1,0,1,2,0,434,768,3
1952,45,84.3,0,1,0,100,0,0,1,0,0,1,0,1,0,420,1110,0
1290,32,68.9472,0,1,0,90,0,1,1,1308,0,1,1,3,0,626,828,0
1158,27,86.184,0,1,0,90,0,0,1,0,1,1,0,1,0,123,780,3
1563,40,75.978,0,0,0,100,0,1,1,291,1,0,1,2,0,335,1164,2
1077,36,80.7408,0,0,0,100,0,0,1,0,1,0,0,1,0,211,1007,0
1961,39,63.1,0,0,0,100,0,0,1,0,1,1,0,1,1,247,364,3
567,35,94.8024,0,1,1,90,0,1,1,100,0,1,1,2,0,418,1197,0
1191,36,78.246,0,0,1,90,0,0,1,0,1,1,0,1,0,379,740,3
730,27,75.9,0,1,0,100,0,0,1,0,0,1,0,1,0,252,1093,2
949,36,50.3496,0,0,0,100,0,0,1,0,1,0,0,1,0,332,1016,2
2,45,88.452,0,1,1,90,0,1,1,707,0,1,1,3,0,326,2063,3
2063,20,71.9,1,0,0,100,0,0,1,0,0,1,0,1,0,290,841,1
1502,30,84.3696,0,1,0,100,0,0,1,0,0,1,0,1,0,270,1132,2
1991,32,63.6,0,0,1,90,0,1,1,719,0,0,1,3,0,340,570,1
1477,31,74.7,0,0,0,100,0,0,1,0,0,1,0,1,0,360,662,1
1517,27,84.3696,0,1,0,100,0,0,1,0,0,1,0,1,0,365,1169,1
1614,38,75.2,0,0,0,100,0,1,1,940,1,1,1,3,0,265,1349,2
1636,33,56.9268,0,1,0,90,0,0,1,0,1,1,0,1,0,329,419,3
1455,43,101.0,0,1,0,100,0,0,1,75,0,1,1,2,0,70,314,1
1465,45,91.2,0,1,0,100,0,0,1,0,1,1,0,1,0,323,691,1
1499,35,78.4728,0,1,0,100,0,1,1,967,0,1,1,3,0,365,1964,3
1441,45,127.008,0,1,0,100,0,0,1,0,0,1,0,1,0,207,633,1
96,37,67.5,0,0,1,90,0,0,1,0,1,0,0,1,1,360,780,0
1480,26,63.7,0,1,1,100,0,0,1,0,1,1,0,1,0,347,1510,1
156,35,71.85024,0,1,0,90,0,1,1,66,0,1,1,2,0,385,862,2
113,37,83.0088,0,1,0,100,0,0,1,0,0,1,0,1,1,339,559,3
676,32,57.2,0,1,0,90,0,0,1,0,0,1,0,1,1,490,1078,3
427,31,86.6376,0,0,0,100,0,1,1,717,1,1,1,3,0,359,1026,3
1406,32,67.1328,0,0,0,100,0,0,1,0,1,0,0,1,0,310,640,3
1153,28,78.9264,0,1,0,90,0,0,1,0,0,1,0,1,1,506,758,0
2062,14,41.0508,1,0,0,100,0,0,1,0,0,1,0,1,0,516,1081,3
771,37,90.9,0,1,0,90,0,0,1,0,0,1,0,1,0,639,979,1
774,23,62.0,0,0,0,90,0,1,1,1662,0,1,1,3,0,421,1243,0
30,36,81.6,0,1,1,100,0,1,1,86,0,1,1,2,1,236,634,2
1628,58,78.246,0,1,0,90,0,1,1,682,0,1,1,3,0,409,520,2
1847,28,68.2668,0,0,0,100,0,0,1,0,1,0,0,1,0,771,2257,0
191,30,78.9264,0,0,1,100,0,0,1,0,1,0,0,1,0,481,1083,2
209,30,67.3596,0,1,0,100,0,0,1,0,0,1,0,1,1,311,633,1
924,27,79.38,0,1,0,90,0,1,1,55,0,1,1,2,0,330,1738,1
45,33,77.8,0,1,0,100,0,1,1,512,0,1,1,3,0,293,1233,1
1558,33,74.98008,0,1,0,100,0,1,1,342,0,1,1,2,1,252,1165,0
1643,41,89.5,0,1,0,90,0,1,1,980,0,1,1,3,0,308,972,0
1983,35,85.7304,0,0,1,100,0,0,1,0,1,1,0,1,0,434,636,3
219,34,70.0,0,1,0,100,0,0,1,488,0,1,1,3,0,230,334,3
593,34,64.638,0,1,0,90,0,0,1,0,1,1,0,1,0,527,884,0
1330,36,66.6792,0,1,0,80,0,1,1,943,0,1,1,3,0,300,1110,0
1397,22,81.1944,0,0,0,90,0,1,1,394,1,0,1,3,0,490,1090,2
256,63,74.3904,0,1,0,100,0,1,1,923,0,1,1,3,0,397,1407,2
2085,40,85.7304,1,0,0,100,0,0,1,0,0,1,0,1,0,428,643,0
390,36,73.71,0,1,0,90,0,1,1,672,0,1,1,3,0,276,684,2
2013,44,81.1944,1,1,0,100,0,1,1,411,0,1,1,3,0,477,1286,2
701,39,81.8,0,1,0,90,0,1,1,445,0,1,1,3,1,623,606,1
856,39,68.3,0,1,0,90,0,1,1,885,0,1,1,3,1,194,745,3
388,46,74.6172,0,1,0,90,0,1,1,316,0,1,1,2,0,127,1565,1
281,22,71.6688,1,0,0,90,0,1,1,948,0,1,1,3,0,257,763,1
1222,30,85.2768,0,1,0,100,0,0,1,108,0,1,1,2,1,338,648,1
1704,40,91.0,0,1,0,90,0,1,1,961,0,1,1,3,0,250,900,2
25,39,75.0,0,1,0,100,0,1,1,918,0,1,1,3,0,421,1158,1
1031,33,66.6792,0,0,0,100,0,0,1,0,1,0,0,1,0,341,1112,0
1264,33,84.8232,0,1,0,90,0,0,1,0,1,1,0,1,0,352,1102,2
174,34,105.6888,0,1,0,90,0,0,1,0,0,1,0,1,1,427,577,3
2041,23,66.906,1,0,0,100,0,0,1,0,1,1,0,1,0,194,550,1
709,43,81.0,0,1,0,100,0,0,1,0,0,1,0,1,0,458,931,3
2001,43,59.0,0,0,1,90,0,0,1,0,1,0,0,1,0,290,870,0
176,35,80.5,0,1,0,90,0,0,1,0,0,1,0,1,0,427,592,0
2031,30,92.5344,1,0,0,100,0,1,1,235,0,1,1,2,0,300,1047,3
1170,38,78.4728,0,1,0,100,0,1,1,88,0,1,1,2,0,321,582,3
804,30,64.4,0,0,0,90,0,0,1,0,1,1,0,1,0,327,818,2
1573,44,87.5448,0,1,0,100,0,0,1,0,0,1,0,1,0,452,1096,1
98,34,86.6376,0,0,0,100,0,0,1,0,0,1,0,1,0,168,605,0
24,38,62.9,0,0,0,100,0,1,1,635,0,0,1,3,0,344,735,3
325,57,63.2772,0,0,0,90,0,1,1,122,0,0,1,2,0,144,480,1
1999,23,93.8952,0,0,0,90,0,0,1,0,1,0,0,1,0,400,730,2
809,29,79.9,0,1,0,90,0,0,1,0,0,1,0,1,0,265,1061,3
1410,44,89.8128,0,1,0,100,0,0,1,0,0,1,0,1,0,270,890,0
1029,35,73.9368,0,0,0,100,0,1,1,879,1,0,1,3,0,213,1132,0
1862,28,50.3496,0,0,0,100,0,1,1,672,1,0,1,3,0,310,997,1
339,38,78.2,0,1,0,90,0,1,1,940,0,1,1,3,0,354,955,1
478,27,74.3904,0,1,0,100,0,0,1,0,1,1,0,1,1,437,903,0
1392,29,58.0608,0,1,0,100,0,1,1,314,1,1,1,2,0,240,820,2
544,37,107.1,0,1,0,100,0,1,1,204,0,1,1,2,0,324,1890,1
1754,46,84.8232,0,1,0,100,0,0,1,0,1,1,0,1,0,494,950,0
244,40,79.8336,0,0,0,100,0,1,1,615,1,0,1,3,0,638,654,3
1445,43,65.2,0,1,0,100,0,1,1,974,0,1,1,3,0,469,2739,0
1400,31,64.8648,0,1,0,100,0,0,1,0,0,1,0,1,0,460,770,0
1736,30,76.3,0,0,0,90,0,0,1,0,1,1,0,1,1,170,330,3
1894,40,69.8544,0,1,0,100,0,1,1,690,0,1,1,3,0,229,1038,1
233,39,80.2872,0,1,0,90,0,1,1,626,0,1,1,3,1,236,735,0
1366,34,64.8648,0,1,0,90,0,0,1,0,0,1,0,1,0,410,800,2
2096,29,79.38,1,0,0,100,0,1,1,635,1,1,1,3,0,348,1501,3
384,27,71.8,0,0,0,90,0,0,1,0,1,1,0,1,0,289,1065,3
263,44,70.5,0,1,0,100,0,0,1,0,0,1,0,1,0,247,1018,0
107,37,65.772,0,0,1,100,0,0,1,0,0,0,0,1,0,477,1081,1
708,36,77.112,0,1,0,100,0,1,1,29,1,1,1,2,0,266,601,3
656,28,90.5,0,1,0,100,0,1,1,1508,1,1,1,3,0,428,1832,1
1142,30,81.8748,0,1,0,100,0,0,1,0,0,1,0,1,0,476,1315,1
810,27,87.0,0,1,0,90,0,1,1,892,0,1,1,3,1,317,903,1
658,29,80.7408,0,1,0,90,0,1,1,893,1,1,1,3,0,375,538,3
1957,51,55.3,0,0,0,80,0,1,1,129,0,0,1,2,1,277,768,3
381,37,89.3592,0,1,0,90,0,0,1,0,0,1,0,1,0,225,225,3
434,39,85.9572,0,1,0,100,0,1,1,1038,0,1,1,3,0,305,801,1
506,57,80.0,0,1,0,90,0,1,1,932,0,1,1,3,0,330,930,1
1665,27,70.5,0,1,0,90,0,0,1,0,0,1,0,1,0,227,1058,1
999,32,71.4,0,1,0,90,0,0,1,154,0,1,1,2,0,216,744,2
1210,33,72.48528,0,1,0,90,0,1,1,75,0,1,1,2,0,508,1220,2
588,28,73.71,0,1,0,90,0,0,1,0,0,1,0,1,0,373,631,0
2093,18,75.7512,1,0,0,100,0,1,1,638,0,1,1,3,0,148,781,1
1303,67,82.1016,0,1,0,90,0,0,1,0,0,1,0,1,0,296,760,0
2107,23,74.5,1,0,0,100,0,1,1,100,1,1,1,2,0,255,600,2
486,30,73.9368,0,1,0,100,0,0,1,0,1,1,0,1,1,275,598,3
13,34,62.8236,0,1,0,90,0,1,1,342,0,1,1,2,0,212,1094,1
615,37,65.5,0,1,0,90,0,1,1,289,0,1,1,2,1,370,1260,2
1859,26,56.8,0,0,0,100,0,1,1,225,1,0,1,2,0,330,700,2
1036,42,69.8544,0,0,0,100,0,1,1,230,1,0,1,2,0,429,1267,3
1596,52,61.4628,0,0,0,100,0,1,1,807,1,0,1,3,0,440,645,3
457,26,78.0192,0,1,1,100,0,1,1,807,0,1,1,3,1,246,512,1
1027,36,84.3696,0,1,0,100,0,0,1,0,0,1,0,1,0,400,2185,1
839,39,86.0,0,0,1,100,0,0,1,0,0,1,0,1,1,221,1045,1
815,31,69.4,0,1,0,90,0,1,1,210,0,1,1,2,0,449,1054,1
3,47,85.2768,0,1,0,100,0,1,1,1399,0,1,1,3,0,287,1590,3
706,49,84.1,0,1,0,100,0,1,1,1008,0,1,1,3,0,195,351,2
1504,39,75.2976,0,1,0,100,0,0,1,0,0,1,0,1,1,434,997,1
835,41,75.5,0,1,0,90,0,1,1,197,0,1,1,2,0,362,1156,2
398,29,84.8232,0,1,0,90,0,1,1,78,0,1,1,2,0,544,1087,3
1332,25,69.8544,0,1,0,90,0,0,1,947,0,1,1,3,0,410,1368,3
1268,34,68.9472,0,1,0,100,0,0,1,0,0,1,0,1,0,459,1485,3
1831,41,104.0,0,0,0,100,0,1,1,1320,0,1,1,3,0,528,607,3
1833,30,73.8,0,0,0,100,0,0,1,0,1,0,0,1,0,539,623,2
1225,26,68.9472,0,1,0,90,1,0,1,561,0,1,1,3,0,297,1188,0
609,37,47.8,1,0,0,100,1,0,1,391,0,1,1,3,0,170,420,0
1756,22,57.1536,0,1,0,100,0,0,1,0,0,1,0,1,0,308,583,1
1236,26,92.0808,0,1,0,90,0,0,1,0,0,1,0,1,0,375,1971,1
980,50,65.0,0,1,0,90,0,0,1,0,1,1,0,1,0,452,1583,3
1994,39,62.5968,0,0,0,90,0,1,1,269,0,0,1,2,0,280,440,2
1349,35,61.4628,0,1,0,80,0,1,1,348,0,1,1,2,0,420,880,0
928,35,88.6788,0,1,0,90,0,0,1,0,1,1,0,1,1,345,927,1
860,44,102.1,0,1,0,80,0,0,1,0,1,1,0,1,0,225,729,2
1150,46,76.7,0,1,0,100,0,0,1,0,0,1,0,1,0,454,1115,2
1435,37,65.3184,0,1,1,100,0,0,1,0,0,1,0,1,1,142,786,0
159,36,64.4,0,1,0,100,0,0,1,0,0,1,0,1,0,423,1000,0
679,26,61.8,0,1,0,90,0,1,1,140,1,1,1,2,1,173,734,0
1590,38,78.0192,0,1,0,90,0,1,1,1099,0,1,1,3,0,416,1663,2
1265,32,84.8232,0,0,0,100,0,0,1,0,1,1,0,1,0,289,1245,0
186,37,63.2,0,1,0,100,0,1,1,980,0,1,1,3,0,202,893,3
1735,29,73.9,0,1,0,90,0,0,1,0,0,1,0,1,0,520,1070,0
1286,47,86.6376,0,1,1,90,0,1,1,195,0,1,1,2,1,440,1320,2
1935,35,55.5,0,0,0,90,0,0,1,0,1,0,0,1,1,300,790,1
1761,36,93.8952,0,1,0,100,1,1,1,862,1,1,1,3,0,270,1040,0
1748,30,77.7924,0,0,1,100,0,0,1,0,0,1,0,1,0,391,640,2
149,25,74.844,0,1,0,90,0,0,1,0,0,1,0,1,1,317,1074,1
734,29,70.308,0,1,0,90,0,1,1,135,0,1,1,2,0,237,494,0
1834,42,56.2,0,0,0,90,0,0,1,0,1,0,0,1,0,558,586,3
1199,40,88.9056,0,1,0,90,0,1,1,804,0,1,1,3,0,248,1861,0
1021,44,82.1016,0,1,0,90,0,1,1,602,0,1,1,3,0,423,1111,1
1294,34,68.2668,0,1,0,90,0,1,1,980,0,1,1,3,0,276,1299,1
19,34,60.3288,0,0,0,100,0,1,1,854,1,0,1,3,0,233,1462,2
1860,32,48.62592,0,0,0,100,0,1,1,694,1,0,1,3,0,280,1190,0
798,28,66.4,0,1,0,90,0,1,1,909,0,1,1,3,0,238,1469,3
1126,30,82.3,0,1,0,90,0,1,1,85,1,1,1,2,0,357,821,3
1790,27,64.77408,0,0,0,100,0,0,1,0,1,0,0,1,0,510,880,0
1285,35,81.648,0,1,0,100,0,1,1,111,0,1,1,2,0,505,847,1
145,37,87.5448,0,0,1,100,0,0,1,0,0,0,0,1,0,330,1130,2
1359,30,52.164,0,0,0,100,0,1,1,7,1,0,0,1,1,270,980,3
558,32,75.5244,0,0,0,90,0,1,1,411,1,0,1,3,0,174,522,1
133,44,69.4008,0,1,0,100,0,1,1,105,0,1,1,2,0,240,680,1
1562,32,41.2776,0,0,1,100,0,0,1,6,0,0,0,1,0,328,482,3
1185,42,72.576,0,1,0,100,0,0,1,0,0,1,0,1,0,316,841,0
863,35,87.2,0,1,0,100,0,0,1,0,0,1,0,1,0,529,696,0
1759,35,112.7196,0,0,1,90,0,1,1,953,0,1,1,3,0,290,930,3
1085,35,60.3288,0,1,0,90,0,1,1,665,0,1,1,3,1,400,1554,2
2078,16,41.0,1,0,0,100,0,1,1,626,0,1,1,3,0,458,1861,1
914,41,62.1432,0,1,0,90,0,1,1,103,1,1,1,2,0,299,494,0
1424,37,65.772,0,1,0,90,0,1,1,113,0,1,1,2,1,358,1054,0
1762,37,47.628,0,0,0,100,1,1,1,561,0,0,1,3,0,350,930,2
1980,30,71.3,0,0,0,100,0,0,1,0,0,0,0,1,0,520,772,1
721,38,79.6068,0,1,0,90,0,1,1,116,0,1,1,2,0,151,691,1
831,31,72.6,0,0,0,90,0,0,1,0,1,1,0,1,0,373,976,0
60,47,87.9984,0,1,0,100,0,0,1,0,0,1,0,1,0,204,936,2
1491,29,78.0192,0,1,0,100,0,1,1,906,1,1,1,3,0,374,671,0
34,30,50.8,0,0,1,100,0,0,1,0,0,0,0,1,0,444,872,1
1711,29,65.5,0,1,0,90,0,1,1,90,0,1,1,2,0,530,1100,2
946,29,79.38,0,1,0,90,0,0,1,0,1,0,0,1,0,264,644,0
2113,22,85.9,1,0,0,100,0,1,1,530,0,1,1,3,0,242,465,0
399,29,73.4832,0,0,0,90,0,1,1,99,1,0,1,2,0,390,715,2
1004,43,70.5,0,0,0,100,0,0,1,0,1,0,0,1,0,415,1853,1
1932,47,69.5,0,1,0,90,0,1,1,492,0,1,1,3,0,350,1440,3
1311,49,80.7408,0,1,0,90,0,0,1,0,0,1,0,1,0,392,1566,3
1338,35,77.7,0,1,0,90,0,1,1,427,0,1,1,3,1,490,1130,0
1720,46,86.2,0,1,0,100,0,0,1,0,0,1,0,1,0,440,530,3
557,42,72.576,0,1,0,90,0,1,1,861,1,1,1,3,0,242,1077,1
555,30,67.3596,0,1,0,100,0,1,1,1316,0,1,1,3,0,489,1829,1
1542,39,76.6584,0,1,0,100,0,1,1,811,0,1,1,3,0,519,1189,3
230,39,86.184,0,1,0,90,0,1,1,542,1,1,1,3,1,453,1560,2
1581,43,86.184,0,0,0,100,0,1,1,953,0,1,1,3,0,390,1333,2
1469,24,65.5,0,0,0,100,0,1,1,108,1,1,1,2,0,266,557,0
164,28,75.0,0,1,0,90,0,0,1,1034,0,1,1,3,0,545,1279,1
532,40,73.8,0,1,0,90,0,0,1,0,0,1,0,1,1,360,1180,3
258,38,67.5,0,1,0,100,0,1,1,822,0,1,1,3,0,174,559,0
897,46,90.72,0,1,0,100,0,1,1,855,1,1,1,3,0,275,1822,0
5,46,88.9056,0,1,1,100,0,1,1,1181,0,1,1,3,0,235,860,1
1384,24,56.4732,0,1,0,80,0,1,1,206,1,1,1,2,0,270,1540,3
1827,19,74.844,0,1,0,100,0,0,1,0,1,1,0,1,0,503,429,0
1440,29,94.8024,0,1,0,90,0,0,1,0,0,1,0,1,0,302,941,0
1066,33,57.1536,0,0,0,100,0,0,1,1420,1,0,1,3,0,463,594,2
1804,41,70.308,0,1,0,100,0,0,1,621,0,1,1,3,0,385,654,1
660,33,67.5864,0,1,0,90,0,1,1,868,1,1,1,3,0,394,323,1
830,48,77.5,0,1,0,90,0,1,1,307,0,1,1,2,0,231,326,1
692,36,74.1,0,1,0,80,0,1,1,1452,0,1,1,3,0,277,1237,3
1698,37,83.28096,0,1,0,100,0,0,1,0,0,1,0,1,0,420,700,0
1089,41,69.4008,0,1,0,100,0,1,1,739,1,1,1,3,0,204,417,2
1437,21,99.792,0,0,0,100,0,1,1,17,1,0,1,2,1,159,565,0
1986,27,72.5,0,1,0,100,0,0,1,0,1,1,0,1,0,328,218,1
970,39,85.2768,0,0,1,90,0,0,1,0,0,1,0,1,0,180,274,2
1043,30,70.7616,0,0,0,100,0,1,1,230,0,0,1,2,0,346,337,0
781,30,73.4832,0,1,0,100,0,1,1,540,0,1,1,3,0,251,306,3
365,29,83.4,0,1,0,100,0,0,1,0,0,1,0,1,0,404,936,2
1700,25,68.3,0,1,0,90,0,1,1,10,0,1,1,2,1,340,916,1
1604,40,79.38,0,0,1,70,0,1,1,1561,1,0,1,3,0,255,1190,2
1204,32,74.844,0,1,0,100,0,1,1,1475,0,1,1,3,0,362,742,3
170,65,77.2,0,1,0,90,0,0,1,0,0,1,0,1,0,323,1351,0
959,34,72.7,0,1,0,100,0,1,1,225,1,1,1,2,0,279,993,3
932,30,90.0396,0,1,0,100,0,1,1,106,1,1,1,2,0,329,1254,0
2073,14,64.3,1,0,0,100,0,1,1,387,1,1,1,3,0,383,1043,3
1426,31,72.1224,0,1,0,90,0,1,1,956,0,1,1,3,0,259,1238,3
297,31,79.8336,0,1,1,100,0,0,1,0,0,1,0,1,0,419,757,1
919,41,74.3904,0,0,0,90,0,1,1,111,1,0,1,2,0,480,707,1
2059,42,74.844,1,0,0,90,0,1,1,1983,0,1,1,3,0,224,548,3
1439,48,83.4624,0,0,0,90,0,0,1,0,0,0,0,1,0,291,617,3
1274,48,76.6584,0,1,1,90,0,1,1,210,1,1,1,2,0,483,1334,1
283,35,73.0296,0,1,0,100,0,0,1,0,1,1,0,1,0,241,880,3
1682,32,102.3,0,0,0,100,0,0,1,0,1,0,0,1,0,374,1474,0
257,38,65.3184,0,0,0,100,0,1,1,250,1,0,1,2,0,195,566,0
1911,27,74.844,0,0,0,90,0,1,1,90,0,1,1,2,0,441,1415,2
1213,43,71.8956,0,1,1,100,0,1,1,686,0,1,1,3,0,524,1373,2
728,35,86.6376,0,1,0,100,0,1,1,138,0,1,1,2,0,520,1253,1
2039,14,54.2052,1,0,0,100,0,1,1,610,1,1,1,3,0,290,1200,3
855,39,65.2,0,1,0,100,0,1,1,1423,0,1,1,3,1,413,522,3
2094,23,57.6072,1,0,0,100,0,1,1,119,0,1,1,2,0,122,875,0
1787,45,60.7824,0,0,0,80,0,1,1,743,0,0,1,3,0,310,880,0
543,43,92.5,0,1,0,100,0,1,1,295,0,1,1,2,0,342,893,3
416,47,68.9472,0,1,0,100,0,1,1,853,1,1,1,3,1,216,1189,1
385,33,86.184,0,1,0,90,0,0,1,0,0,1,0,1,0,395,1133,3
197,50,117.936,0,1,0,90,0,1,1,22,0,1,1,2,0,395,835,3
327,38,85.7304,0,1,0,100,0,0,1,0,0,1,0,1,0,407,952,1
755,27,80.9,0,1,1,100,0,1,1,842,1,1,1,3,0,390,1562,3
724,34,79.0,0,1,0,90,0,1,1,335,0,1,1,2,0,403,910,0
1436,36,72.1224,0,1,0,90,0,1,1,175,1,1,1,2,0,446,1338,3
876,31,78.9264,0,1,0,90,0,1,1,1469,0,1,1,3,0,526,1373,0
395,28,70.7616,0,1,0,90,0,0,1,0,1,1,0,1,1,295,415,3
496,33,69.8544,0,1,0,100,0,0,1,0,0,1,0,1,0,341,572,3
1510,33,84.3696,0,1,0,100,0,1,1,888,0,1,1,3,0,235,1313,0
1552,40,81.8748,0,1,0,100,0,1,1,26,0,1,1,2,1,296,2048,0
1634,31,62.37,0,0,0,90,0,0,1,0,1,0,0,1,0,243,648,3
834,26,71.3,0,1,0,90,0,1,1,2,0,1,0,1,1,277,704,0
235,55,78.0192,0,1,0,90,1,0,1,852,0,1,1,3,0,547,1610,2
1458,34,57.5,0,1,0,90,0,1,1,355,0,1,1,2,0,217,1123,2
1553,25,77.112,0,1,0,90,0,1,1,676,0,1,1,3,0,280,699,3
1543,38,76.2048,0,1,0,100,0,1,1,15,0,1,1,2,0,346,864,1
1871,28,52.164,0,0,0,100,0,0,1,0,1,0,0,1,0,410,890,0
1212,34,68.4936,0,0,0,90,0,1,1,796,0,0,1,3,1,347,732,1
296,32,84.0,0,1,0,90,0,0,1,0,0,1,0,1,0,386,664,3
1633,44,91.6272,0,0,0,100,0,1,1,1609,0,0,1,3,0,339,828,2
1313,39,89.3592,0,1,0,90,0,1,1,28,0,1,1,2,0,429,1528,0
1788,34,72.576,0,1,0,100,0,0,1,0,0,1,0,1,0,260,610,0
1635,35,68.2668,0,0,1,90,0,0,1,0,1,0,0,1,0,366,614,3
818,35,94.4,0,1,0,90,0,1,1,96,0,1,1,2,0,202,585,2
432,38,68.9472,0,1,0,100,0,1,1,993,0,1,1,3,1,435,1306,0
1873,21,58.968,0,0,0,100,0,1,1,349,0,0,1,2,0,344,603,2
625,39,66.2256,0,0,0,100,0,1,1,154,1,1,1,2,0,365,1823,1
495,33,78.0,0,1,0,100,0,1,1,1774,0,1,1,3,0,437,969,2
440,32,82.5552,0,1,0,100,0,0,1,0,0,1,0,1,0,351,729,2
597,32,75.978,0,0,0,90,0,1,1,312,1,0,1,2,0,223,535,0
1058,26,67.6,0,0,0,100,0,0,1,0,0,0,0,1,0,512,800,0
2048,32,65.95344,1,0,0,90,0,1,1,421,0,1,1,3,0,416,816,0
875,36,69.31008,0,0,0,100,0,1,1,987,1,0,1,3,0,309,867,0
54,25,68.2668,0,1,0,90,0,0,1,0,0,1,0,1,0,601,1099,1
1570,29,58.968,0,0,0,100,0,1,1,175,1,0,1,2,0,463,491,2
154,27,66.5,0,1,0,90,0,0,1,0,0,1,0,1,0,148,289,3
852,28,75.5,0,1,0,90,0,0,1,0,0,1,0,1,1,468,1206,2
1368,28,74.75328,0,1,0,90,0,0,1,0,0,1,0,1,0,360,670,3
1810,32,86.6376,0,1,0,100,0,1,1,413,0,1,1,3,0,293,516,3
16,27,67.3,0,0,1,90,0,1,1,875,0,0,1,3,0,350,750,0
1119,53,97.524,0,1,0,90,0,0,1,0,0,1,0,1,0,374,1342,3
1340,28,76.6584,0,1,0,100,0,0,1,0,0,1,0,1,0,440,1210,1
1601,35,92.5344,0,0,1,90,0,0,1,0,1,0,0,1,0,349,1124,1
1,61,49.4424,0,0,0,90,0,1,1,895,0,0,1,3,0,162,392,3
423,39,59.8752,0,1,0,100,0,0,1,671,0,1,1,3,1,219,888,2
1449,32,102.5,0,1,0,100,0,1,1,478,0,1,1,3,0,257,621,3
463,32,92.0808,0,1,0,100,0,0,1,0,0,1,0,1,1,485,610,3
2030,42,60.01128,1,0,0,90,0,1,1,1192,0,1,1,3,0,320,815,2
1564,40,76.0,0,0,1,100,0,1,1,139,1,0,1,2,0,502,1568,2
826,29,119.7,0,1,0,90,0,1,1,275,0,1,1,2,0,599,1176,3
1498,41,62.1432,0,1,0,100,0,1,1,917,0,1,1,3,0,477,1273,0
879,48,77.7,0,1,0,100,0,1,1,1201,0,1,1,3,0,270,1220,1
229,59,72.576,0,1,0,100,0,1,1,525,0,1,1,3,0,324,531,3
1474,29,83.0,0,1,0,100,0,0,1,0,0,1,0,1,0,355,1085,2
501,36,82.5552,0,1,0,100,0,1,1,1379,0,1,1,3,0,380,270,3
4,43,66.6792,0,1,0,100,0,1,1,1352,0,1,1,3,0,504,870,0
1789,31,56.7,0,1,0,90,0,1,1,822,0,1,1,3,0,380,1220,1
119,47,72.1224,0,1,0,100,0,0,1,0,0,1,0,1,0,467,1374,0
636,30,77.112,0,1,0,100,0,0,1,0,0,1,0,1,0,453,631,0
189,39,71.4,0,1,0,100,0,0,1,0,0,1,0,1,0,452,707,3
1724,45,75.3,0,0,1,90,0,1,1,391,0,0,1,3,1,240,520,0
1610,30,65.0,0,1,0,80,0,1,1,416,0,1,1,3,1,171,477,0
22,30,64.5,0,1,0,90,0,1,1,837,0,1,1,3,1,230,1490,1
1196,34,63.59472,0,1,0,100,0,1,1,1356,0,1,1,3,1,293,895,0
1074,22,47.628,0,0,0,100,0,1,1,200,1,0,1,2,0,303,744,1
2018,35,85.7304,1,0,0,100,0,1,1,136,0,1,1,2,0,282,600,1
522,39,74.844,0,1,0,90,0,1,1,586,0,1,1,3,0,306,1224,1
1430,26,73.4832,0,1,0,100,0,1,1,1053,0,1,1,3,1,160,390,1
344,39,75.6,0,1,0,100,0,1,1,616,0,1,1,3,1,161,927,1
1591,29,89.3592,0,1,0,100,0,1,1,406,0,1,1,3,0,466,869,1
106,42,86.184,0,1,0,100,0,0,1,0,0,1,0,1,1,149,696,0
282,59,59.8752,0,1,0,100,0,1,1,872,0,1,1,3,0,394,1346,3
330,41,73.4832,0,1,0,100,0,0,1,0,0,1,0,1,0,645,1196,1
1045,34,100.3,0,0,0,100,0,1,1,1019,0,1,1,3,0,365,499,3
659,37,81.648,0,1,0,90,0,1,1,585,0,1,1,3,0,211,1289,2
1572,50,70.67088,0,1,0,90,0,0,1,0,0,1,0,1,0,452,796,3
1885,29,80.5,0,1,0,100,0,0,1,0,0,1,0,1,0,450,978,0
921,44,82.1016,0,1,0,90,0,1,1,749,0,1,1,3,0,219,604,0
1554,34,86.6376,0,1,0,100,0,1,1,27,1,1,1,2,0,277,878,1
1960,38,94.5,0,0,1,100,0,0,1,0,0,1,0,1,1,242,418,0
1568,31,49.4424,0,0,0,100,0,0,1,0,0,0,0,1,0,407,925,2
962,29,68.9472,0,0,0,100,0,1,1,57,1,0,1,2,0,421,662,1
1837,33,120.6576,0,1,0,100,0,0,1,0,1,1,0,1,0,429,1180,1
674,41,73.2,0,0,1,90,0,1,1,371,0,1,1,3,0,304,1022,3
960,22,77.112,1,0,0,100,0,1,1,1051,0,1,1,3,0,364,1295,0
1261,23,66.906,0,0,0,100,0,0,1,0,0,1,0,1,0,275,1248,3
2017,30,57.834,1,0,0,90,0,1,1,865,0,1,1,3,0,239,532,0
1839,52,61.236,0,1,0,90,0,1,1,933,0,1,1,3,1,319,1596,1
1985,31,76.11408,0,1,0,100,0,0,1,0,0,1,0,1,0,420,706,0
1896,51,68.04,0,1,0,100,0,1,1,389,1,1,1,3,0,202,529,2
1972,41,60.0,0,0,1,100,0,1,1,343,0,0,1,2,0,324,588,2
1116,27,65.3184,0,0,0,90,0,1,1,460,0,1,1,2,0,284,537,3
1103,29,53.0712,0,1,0,90,0,0,1,0,0,1,0,1,0,477,1034,3
1463,28,74.2,0,1,0,100,0,1,1,184,0,1,1,2,0,384,1444,2
1508,39,82.5552,0,1,0,100,0,0,1,0,0,1,0,1,0,342,574,2
2097,41,56.2464,1,0,0,90,0,1,1,1775,0,1,1,3,0,470,1716,3
1062,38,70.7616,0,0,1,100,0,1,1,1673,0,1,1,3,0,317,716,3
1673,40,71.3,0,0,0,100,0,0,1,0,0,0,0,1,0,503,797,0
1460,27,67.7,0,1,0,100,0,1,1,262,0,1,1,2,0,238,998,0
1814,31,78.9264,0,1,0,100,0,1,1,842,1,1,1,3,0,589,934,2
1396,27,97.524,0,1,0,100,0,1,1,495,0,1,1,3,0,410,950,0
1044,27,59.4216,0,0,0,100,0,0,1,0,1,1,0,1,0,179,391,1
245,50,78.4728,0,1,0,100,0,1,1,935,0,1,1,3,0,312,1146,0
44,34,75.7,0,1,0,100,0,1,1,1379,0,1,1,3,0,416,991,0
630,32,87.5448,0,1,0,100,0,1,1,160,0,1,1,2,0,246,1250,2
699,50,68.2,0,1,0,90,0,1,1,959,0,1,1,3,0,740,1428,0
1130,30,64.5,0,1,0,100,0,1,1,45,0,1,1,2,1,350,833,1
142,28,71.1,0,0,1,100,0,1,1,387,0,0,1,3,0,220,330,1
717,35,75.0,0,1,0,90,0,0,1,0,0,1,0,1,0,421,1079,3
1691,25,66.2256,0,1,0,100,0,0,1,62,0,1,1,2,0,612,522,0
130,30,88.452,0,1,0,100,0,1,1,265,0,1,1,2,0,370,1500,2
1526,30,69.4008,0,1,0,100,0,0,1,0,0,1,0,1,0,659,1392,1
848,38,70.2,0,1,0,100,0,0,1,0,0,1,0,1,0,476,476,2
152,29,79.8,0,1,0,90,0,0,1,0,0,1,0,1,0,456,1718,0
1129,29,65.5,0,1,0,100,0,1,1,367,1,1,1,3,0,431,843,1
357,33,57.1536,0,0,0,90,0,0,1,0,1,1,0,1,0,275,798,0
199,44,71.0,0,1,0,90,0,1,1,110,0,1,1,2,0,313,845,1
1638,36,117.0288,0,0,0,90,0,0,1,0,0,0,0,1,0,199,1228,0
1974,29,88.17984,0,0,1,100,0,0,1,0,1,1,0,1,1,378,864,0
846,36,67.5,0,0,0,90,0,1,1,91,0,1,1,2,0,319,870,2
1251,29,78.0192,0,1,1,100,0,0,1,0,0,1,0,1,1,372,1032,3
909,43,77.112,0,1,0,90,1,0,1,433,0,1,1,3,1,296,1013,0
794,45,85.5,0,1,0,90,0,1,1,1314,0,1,1,3,0,211,918,1
1198,29,74.844,0,1,0,100,0,1,1,889,0,1,1,3,1,323,576,0
377,20,47.4012,0,1,0,90,0,0,1,0,1,0,0,1,0,292,909,2
910,32,82.1016,0,1,0,100,0,0,1,0,0,1,0,1,1,224,1078,3
451,33,69.8544,0,1,0,100,0,1,1,277,1,1,1,2,0,365,1139,0
228,42,74.3904,0,1,0,90,0,1,1,537,0,1,1,3,0,702,965,3
1782,41,87.0912,0,0,1,90,0,1,1,310,0,1,1,2,1,300,560,1
322,35,87.9984,0,1,0,100,0,0,1,0,0,1,0,1,0,262,1696,2
361,31,95.0,0,1,0,100,0,0,1,0,0,1,0,1,0,317,501,1
1977,40,87.0,0,1,0,100,0,0,1,0,0,1,0,1,0,412,804,3
359,38,95.0,0,1,0,100,0,0,1,0,0,1,0,1,0,409,620,2
1763,53,107.5032,0,1,0,90,0,1,1,888,0,1,1,3,0,290,1060,3
421,33,78.0192,0,1,0,100,0,1,1,957,0,1,1,3,0,263,1316,3
859,31,60.1,0,0,1,100,0,1,1,693,0,0,1,3,0,153,418,1
2090,36,76.6584,1,0,0,100,0,1,1,905,0,1,1,3,0,265,967,3
1657,24,72.5,0,0,0,80,0,0,1,0,1,0,0,1,1,347,1167,1
1655,41,73.0296,1,0,1,90,0,0,1,0,0,1,0,1,0,480,700,3
883,29,81.37584,0,1,0,100,0,1,1,876,0,1,1,3,0,440,1139,2
150,41,63.4,0,1,0,90,0,0,1,0,0,1,0,1,0,235,1490,2
518,68,70.7616,0,1,0,90,0,1,1,1770,0,1,1,3,0,196,952,1
524,42,48.0816,0,0,0,90,0,1,1,493,1,0,1,3,0,480,705,0
1478,36,88.9,0,1,0,100,0,0,1,0,0,1,0,1,0,371,536,0
903,55,77.7924,0,0,0,90,0,1,1,1146,1,1,1,3,0,160,1076,3
1321,49,67.1328,0,1,0,80,0,0,1,0,0,1,0,1,1,390,1656,1
1740,48,85.4,0,0,0,90,0,0,1,0,0,1,0,1,0,420,515,2
1658,18,57.28968,1,0,0,100,0,1,1,344,0,0,1,2,0,445,766,0
279,28,85.5036,0,1,1,100,0,1,1,778,0,1,1,3,0,209,897,3
575,26,63.1,0,1,0,90,0,1,1,35,0,1,1,2,0,368,503,1
971,25,48.3084,0,0,0,100,0,0,1,0,1,0,0,1,0,410,760,0
1823,30,48.0816,0,0,0,100,0,0,1,0,1,0,0,1,0,377,1113,0
762,48,70.5,0,1,0,90,0,0,1,0,0,1,0,1,0,526,1149,1
248,49,100.0,0,1,0,90,0,1,1,1500,0,1,1,3,0,428,500,0
1791,30,52.6176,0,1,0,90,0,1,1,2,0,1,0,1,1,320,2460,0
213,33,70.7616,0,1,0,100,0,0,1,0,0,1,0,1,0,203,851,2
982,29,88.6,0,0,0,100,0,0,1,0,1,1,0,1,0,380,1673,1
539,32,86.9,0,1,0,100,0,1,1,710,1,1,1,3,0,600,1575,0
187,37,64.8,0,1,0,100,0,1,1,443,1,1,1,3,0,315,1573,1
1844,19,54.432,0,0,0,100,0,0,1,0,1,0,0,1,0,374,590,3
1467,23,87.6,0,1,0,100,0,1,1,136,0,1,1,2,1,493,927,3
1989,29,68.9,0,0,1,80,0,0,1,0,1,0,0,1,0,321,1606,2
825,26,57.5,0,1,0,90,0,0,1,0,1,1,0,1,0,551,1914,1
604,46,64.95552,0,1,0,80,0,1,1,1098,0,1,1,3,1,259,770,1
1494,40,84.8232,0,1,0,100,0,1,1,1282,0,1,1,3,0,400,896,1
360,34,73.8,0,1,0,100,0,0,1,0,0,1,0,1,0,165,1858,1
1539,48,70.308,0,1,0,100,0,1,1,912,0,1,1,3,0,450,1666,3
1091,34,61.6896,0,1,0,100,0,1,1,930,1,1,1,3,0,336,1344,3
2035,54,93.2148,1,0,0,100,0,0,1,0,0,1,0,1,0,400,333,0
474,60,72.576,0,1,0,100,0,0,1,0,0,1,0,1,0,300,441,0
997,44,77.3,0,1,0,90,0,0,1,0,0,1,0,1,0,559,805,3
991,38,49.8,0,0,1,90,0,0,1,354,1,0,1,2,0,357,796,0
1939,37,72.5,0,0,0,100,0,1,1,852,0,0,1,3,0,390,2840,0
712,43,70.0812,0,1,0,100,0,0,1,0,0,1,0,1,0,273,737,1
1409,34,81.648,0,1,1,100,0,0,1,0,0,1,0,1,0,420,890,0
1189,35,99.0,0,1,0,100,0,0,1,0,0,1,0,1,0,399,1920,2
908,36,71.8956,0,1,0,90,0,1,1,403,0,1,1,3,1,224,743,2
1730,23,67.8132,0,1,0,100,0,0,1,0,0,1,0,1,0,360,1134,0
78,36,99.792,0,0,0,90,0,1,1,477,1,1,1,3,0,510,1800,3
175,45,72.7,0,1,0,80,0,1,1,76,1,1,1,2,1,251,1070,3
1842,28,98.8848,0,1,0,90,0,1,1,219,1,1,1,2,0,459,1355,3
488,34,82.782,0,1,0,100,0,0,1,0,0,1,0,1,0,337,1348,0
1909,45,81.33048,0,1,1,90,0,1,1,629,0,1,1,3,0,205,1435,3
51,43,61.6,0,0,0,90,0,1,1,90,0,0,1,2,1,340,500,1
1079,37,58.5144,0,0,0,100,0,0,1,0,1,0,0,1,0,223,404,2
1579,45,51.7104,0,0,0,100,0,1,1,1466,0,0,1,3,0,288,835,2
1849,29,61.4628,0,1,0,100,0,0,1,0,1,1,0,1,0,437,1139,2
1843,41,66.2256,0,1,0,90,0,1,1,1102,0,1,1,3,0,248,874,0
605,50,63.7308,0,1,0,90,0,1,1,931,0,1,1,3,1,161,393,3
2049,21,62.86896,1,0,0,100,0,1,1,181,0,1,1,2,0,229,1041,1
791,48,70.5,0,1,0,100,0,1,1,1474,0,1,1,3,0,232,603,3
222,33,72.0,0,1,0,100,0,0,1,0,0,1,0,1,0,366,906,1
515,28,65.5,1,0,0,100,0,1,1,206,1,1,1,2,0,325,770,2
1247,27,97.9776,0,0,0,100,0,1,1,934,0,0,1,3,1,386,806,0
907,29,88.9056,0,0,0,90,0,0,1,0,1,1,0,1,0,437,2753,3
367,25,73.0,0,1,0,100,0,0,1,0,1,1,0,1,0,630,1328,3
56,32,74.1636,0,1,0,100,0,0,1,0,0,1,0,1,0,470,940,2
1070,42,73.0296,0,1,0,100,0,1,1,676,0,1,1,3,0,245,561,1
1078,20,84.8232,0,0,1,100,0,0,1,0,0,1,0,1,1,422,1356,2
397,26,101.8332,0,1,0,90,0,1,1,692,0,1,1,3,0,301,614,0
916,45,67.5864,0,1,0,90,0,1,1,494,0,1,1,3,1,408,395,2
1898,41,83.4624,0,0,0,100,0,1,1,1174,0,0,1,3,0,232,901,2
1451,35,83.0,0,1,0,100,0,0,1,0,0,1,0,1,0,447,894,3
1970,51,68.4936,0,0,0,100,0,1,1,1034,0,0,1,3,0,297,504,3
1339,35,78.246,0,1,0,100,0,1,1,574,0,1,1,3,0,320,870,2
545,41,75.1,0,1,0,100,0,0,1,0,0,1,0,1,1,414,1080,1
813,25,80.4,0,1,1,90,0,1,1,238,0,1,1,2,0,526,1304,2
620,32,80.514,0,0,0,100,0,1,1,237,0,1,1,2,0,343,1059,1
2086,27,94.5756,1,0,0,90,1,0,1,481,0,1,1,3,0,323,1714,3
307,45,72.1224,0,1,1,70,0,0,1,0,1,1,0,1,1,219,1454,0
1379,31,82.23768,0,1,0,90,0,1,1,359,1,1,1,2,0,490,610,2
1235,40,92.5344,0,1,0,100,0,1,1,1169,0,1,1,3,0,264,594,2
391,21,63.9576,0,1,0,90,0,1,1,415,1,1,1,3,1,269,545,3
1317,26,91.6272,0,1,0,90,0,0,1,0,0,1,0,1,0,402,821,3
497,36,75.0,0,1,0,90,0,1,1,446,0,1,1,3,0,230,620,0
1945,37,87.0,0,1,0,100,0,0,1,0,0,1,0,1,0,480,1550,2
472,52,72.576,0,0,0,100,0,1,1,376,1,0,1,3,0,459,1704,0
915,48,45.4,0,0,0,90,0,0,1,0,0,0,0,1,0,436,519,2
27,28,70.0,0,1,0,100,0,1,1,886,0,1,1,3,0,357,1994,0
1709,34,86.00256,0,0,1,100,0,0,1,0,1,0,0,1,0,348,492,0
1876,27,70.7616,0,0,0,100,0,0,1,0,0,1,0,1,0,396,849,0
280,21,59.0,0,1,0,100,0,1,1,291,1,1,1,2,0,359,766,3
696,20,66.0,1,0,0,100,0,1,1,830,0,1,1,3,0,504,2340,1
430,15,59.0,1,0,0,100,0,1,1,896,0,1,1,3,0,286,507,1
1706,42,93.5,0,1,0,90,0,0,1,0,0,1,0,1,0,250,1510,3
1237,44,66.2256,0,1,0,90,0,0,1,0,0,1,0,1,1,197,552,2
1910,35,70.5,0,1,1,90,0,0,1,0,0,1,0,1,0,273,2263,3
1642,24,64.04832,1,0,0,90,0,0,1,406,0,1,1,3,0,296,444,3
1073,41,76.2048,0,0,1,100,0,1,1,289,1,1,1,2,0,336,896,1
1889,28,70.7616,0,1,0,100,0,1,1,600,0,1,1,3,0,464,1170,3
458,37,77.3388,0,1,1,100,0,1,1,232,0,1,1,2,1,418,631,2
1867,39,67.1328,0,0,1,90,0,0,1,0,1,1,0,1,0,420,690,3
1164,42,73.0,0,1,0,100,0,1,1,1224,0,1,1,3,1,340,1094,1
65,41,81.8748,0,0,1,90,0,0,1,0,1,1,0,1,0,209,1849,1
267,43,72.576,0,1,1,100,0,0,1,0,0,1,0,1,0,488,1033,3
1107,36,66.6792,0,0,0,90,0,1,1,728,0,0,1,3,1,278,955,0
783,45,62.0,0,1,0,80,0,1,1,933,0,1,1,3,0,203,1217,0
637,25,110.6784,0,0,0,100,0,0,1,0,1,0,0,1,0,611,1426,0
1422,45,73.9368,1,0,0,90,0,1,1,480,0,1,1,3,1,193,1652,2
1118,39,96.1632,0,1,0,90,0,0,1,0,0,1,0,1,1,411,1020,3
479,33,67.1328,0,1,0,100,0,0,1,0,0,1,0,1,0,298,546,1
2105,37,82.7,1,0,0,100,0,1,1,745,0,1,1,3,0,358,1150,1
1632,24,66.2256,0,0,0,100,0,1,1,493,0,0,1,3,1,450,884,0
355,32,68.9472,0,1,0,90,0,1,1,908,0,1,1,3,1,248,745,1
1624,27,83.4624,0,0,0,100,0,0,1,53,1,0,1,2,0,427,510,1
1452,31,76.5,0,1,0,100,0,1,1,148,0,1,1,3,0,246,346,2
70,41,81.6,0,0,1,90,0,1,1,784,0,1,1,3,0,210,810,0
1560,32,72.576,0,1,0,100,0,0,1,0,0,1,0,1,1,225,1161,0
406,33,69.8544,0,1,0,100,0,1,1,603,0,1,1,3,0,321,1179,0
760,20,71.1,0,0,0,100,0,0,1,0,0,1,0,1,0,353,859,1
885,31,79.9,0,1,0,100,0,1,1,152,0,1,1,2,0,468,1357,2
1434,31,70.308,0,1,1,90,0,0,1,121,0,1,1,2,0,510,1557,1
966,29,69.4008,0,0,1,90,0,1,1,893,0,0,1,3,1,236,542,0
1678,31,72.3,0,1,0,90,0,1,1,380,0,1,1,3,0,480,1000,3
936,41,63.0504,0,1,0,100,0,1,1,245,1,1,1,2,0,174,296,3
828,43,72.5,0,1,0,80,0,1,1,687,0,1,1,3,1,176,782,2
1589,46,65.5452,0,1,0,100,0,1,1,523,0,1,1,3,0,441,592,0
63,29,100.2456,0,1,0,100,0,0,1,0,0,1,0,1,0,199,922,1
236,37,57.6072,0,0,0,90,1,0,1,698,1,0,1,3,0,144,564,1
1888,39,80.9676,0,1,0,100,0,1,1,327,0,1,1,2,0,424,524,0
1151,36,65.772,0,0,0,100,0,1,1,155,0,0,1,2,0,378,697,3
1226,42,71.6688,0,1,0,100,0,0,1,0,0,1,0,1,1,180,623,0
1511,29,70.7616,0,1,0,100,0,1,1,966,0,1,1,3,0,321,1400,3
1680,28,64.8,0,1,0,100,0,0,1,0,0,1,0,1,0,400,890,3
1255,32,80.7408,0,1,0,90,0,0,1,0,0,1,0,1,0,447,1247,2
454,33,74.3904,0,1,1,100,0,1,1,919,1,1,1,3,1,267,1944,3
1132,33,80.1,0,1,0,90,0,1,1,679,1,1,1,3,0,426,706,1
254,43,74.3904,0,1,1,100,0,1,1,631,0,1,1,3,0,303,488,2
277,28,78.4,0,1,0,100,0,1,1,433,0,1,1,3,0,184,855,2
249,46,66.6792,0,1,0,100,0,1,1,1589,0,1,1,3,1,319,1475,1
1828,27,60.4,0,1,0,100,0,0,1,0,1,0,0,1,0,511,1171,3
1913,25,58.7,0,1,0,70,0,0,1,0,0,1,0,1,0,155,1041,0
1559,30,55.7928,0,1,0,100,0,0,1,0,0,1,0,1,0,147,698,3
2134,21,53.298,1,0,0,100,0,1,1,842,0,1,1,3,0,152,561,3
1309,26,55.566,0,0,1,90,0,1,1,342,0,0,1,2,0,356,739,1
1750,25,53.1,0,1,0,90,0,0,1,0,0,1,0,1,0,220,480,1
1878,38,103.194,0,1,1,100,0,0,1,0,0,1,0,1,0,200,734,1
84,20,67.0,0,0,0,100,0,0,1,0,1,0,0,1,0,300,1310,0
799,47,68.4,0,1,0,90,1,0,1,56,0,1,1,2,0,230,450,3
350,43,57.1536,0,1,1,90,0,0,1,0,0,1,0,1,0,245,408,3
168,43,72.7,0,1,0,90,1,1,1,807,0,1,1,3,0,262,1348,0
600,30,66.8,0,1,0,90,0,1,1,1902,1,1,1,3,0,400,40,1
487,42,63.0504,0,1,0,100,0,0,1,0,1,1,0,1,1,370,570,3
900,26,82.1,1,0,0,100,0,1,1,1231,0,1,1,3,0,216,660,2
1582,44,91.6272,0,1,0,100,0,1,1,1157,0,1,1,3,0,295,988,3
1771,40,80.5,0,0,1,100,0,1,1,751,0,1,1,3,0,480,2638,1
1797,45,76.8852,0,1,0,100,0,0,1,0,0,1,0,1,0,150,400,3
904,34,74.3904,0,1,0,100,0,1,1,985,0,1,1,3,0,449,1337,1
1238,29,65.3184,0,1,0,100,0,0,1,0,0,1,0,1,0,532,684,1
934,29,81.4212,0,1,0,100,0,0,1,0,0,1,0,1,0,356,828,0
319,29,111.5856,0,1,0,100,0,0,1,0,1,1,0,1,0,277,409,2
401,35,69.4008,0,1,0,100,0,1,1,1650,1,1,1,3,0,415,744,1
1006,35,79.0,0,0,0,100,0,1,1,142,1,1,1,2,0,300,1073,2
58,30,78.4728,0,1,0,100,0,0,1,0,0,1,0,1,0,389,654,3
157,37,77.5,0,1,0,100,0,1,1,953,0,1,1,3,0,422,991,3
1549,34,70.308,0,1,0,100,0,1,1,960,0,1,1,3,0,218,519,1
1415,53,71.442,0,1,0,100,0,0,1,0,0,1,0,1,0,350,460,0
2119,41,55.0,1,0,0,90,0,1,1,866,0,1,1,3,0,429,2508,1
1925,36,77.0,0,1,0,100,0,0,1,0,0,1,0,1,1,232,986,3
417,36,83.916,0,1,0,100,0,1,1,7,0,1,0,1,0,222,714,0
491,31,95.256,0,1,0,100,0,0,1,0,0,1,0,1,1,319,1226,3
2004,39,72.3,1,1,0,90,0,1,1,986,0,1,1,3,0,319,839,0
1243,26,90.72,0,0,0,90,0,1,1,741,1,0,1,3,1,419,789,3
590,22,72.576,0,0,0,100,0,0,1,0,1,0,0,1,0,373,1205,3
212,29,70.5,0,1,0,100,0,0,1,0,0,1,0,1,0,290,682,3
1322,27,86.6376,0,1,0,100,0,1,1,937,0,1,1,3,0,300,1620,3
715,34,75.0,0,1,0,100,0,1,1,112,0,1,1,2,1,286,709,1
1485,38,66.3,0,0,0,100,0,0,1,0,0,0,0,1,0,300,505,1
1353,37,90.2664,0,1,0,100,0,1,1,641,0,1,1,3,0,210,720,3
88,27,60.3,0,1,0,90,0,1,1,872,0,1,1,3,0,260,1480,1
833,31,64.0,0,1,0,90,0,1,1,918,0,1,1,3,0,300,571,3
288,25,65.3184,0,0,0,100,0,1,1,290,1,0,1,2,0,337,784,2
2008,32,75.0,1,0,0,90,1,1,1,174,0,1,1,2,0,537,427,3
200,38,69.5,0,1,0,100,1,1,1,113,1,1,1,3,0,375,986,0
2070,27,60.6,1,0,0,100,0,1,1,800,0,1,1,3,0,230,755,3
285,48,91.1736,0,1,0,100,0,1,1,1087,0,1,1,3,0,84,706,1
1964,38,84.91392,0,1,1,100,0,0,1,0,0,1,0,1,0,450,954,2
500,32,63.504,0,1,0,90,0,1,1,794,0,1,1,3,0,312,696,0
942,39,73.0296,0,1,0,100,0,0,1,0,0,1,0,1,0,226,761,3
503,37,74.3904,0,1,1,100,0,1,1,739,0,1,1,3,0,325,728,1
1026,47,85.2768,0,1,1,90,0,0,1,0,0,1,0,1,0,286,571,1
1095,44,83.916,0,1,0,100,0,1,1,793,0,1,1,3,0,450,791,0
865,27,81.2,0,1,0,90,0,0,1,0,0,1,0,1,1,355,1026,3
723,30,81.1944,0,1,1,100,0,0,1,0,0,1,0,1,0,0,998,1
768,33,82.7,0,1,0,90,0,0,1,0,0,1,0,1,0,399,723,2
1802,43,69.8544,0,1,0,100,0,0,1,1267,0,1,1,3,0,648,858,1
1283,28,69.4008,0,0,0,100,0,1,1,288,1,0,1,2,0,225,933,2
146,42,109.5,0,0,1,100,0,0,1,0,1,1,0,1,0,320,1140,3
2066,38,85.4,1,0,0,100,0,1,1,694,0,1,1,3,0,290,570,3
817,42,74.6,0,1,0,90,0,1,1,742,1,1,1,3,1,293,746,0
819,27,78.5,0,1,1,90,0,1,1,476,0,1,1,3,0,436,817,0
1246,34,91.1736,0,1,0,90,0,1,1,46,0,1,1,2,0,232,1391,3
2077,21,75.4,1,0,0,100,0,1,1,192,1,1,1,2,0,190,1045,0
337,56,83.1,0,1,1,90,0,1,1,951,0,1,1,3,0,367,649,3
216,45,67.1,0,1,0,100,0,1,1,1480,1,1,1,3,0,0,468,1
1996,34,72.1224,0,0,1,90,0,1,1,1035,0,0,1,3,0,350,720,1
880,63,65.0916,0,0,0,100,0,1,1,965,0,0,1,3,0,373,837,3
76,39,72.7,0,1,0,90,0,0,1,61,0,1,1,2,0,420,1320,3
302,32,81.5,0,1,0,100,0,0,1,0,1,1,0,1,0,420,1105,2
1143,33,80.514,0,1,0,90,0,1,1,90,1,1,1,2,0,246,1574,1
526,47,64.4112,0,1,0,90,0,1,1,508,0,1,1,2,0,264,392,0
433,43,72.576,0,1,0,100,0,1,1,902,0,1,1,3,1,323,646,1
1886,34,73.4832,0,1,0,100,0,1,1,1011,0,1,1,3,0,350,865,2
1391,49,95.7096,0,1,0,100,0,1,1,183,1,1,1,2,0,480,700,1
989,39,110.7,0,1,0,100,0,1,1,109,0,1,1,2,0,230,1518,1
132,33,62.8236,0,1,0,100,0,1,1,1700,0,1,1,3,0,240,810,2
2135,17,102.9672,1,0,0,100,0,1,1,417,1,1,1,3,0,373,1759,0
1069,40,71.6688,0,0,0,100,0,0,1,0,1,0,0,1,0,440,493,0
549,32,80.0,0,1,0,100,0,0,1,0,0,1,0,1,0,288,672,0
1253,28,78.4728,0,1,0,100,0,0,1,0,0,1,0,1,0,425,979,2
1174,39,91.0,0,1,0,100,0,1,1,178,0,1,1,2,0,653,1359,2
317,33,78.3,0,0,1,100,0,0,1,0,1,0,0,1,1,544,806,1
110,35,78.9264,0,0,0,100,0,1,1,475,0,1,1,3,0,392,735,3
718,31,88.6,0,1,0,100,0,0,1,0,0,1,0,1,0,343,581,3
1874,34,82.1016,0,0,1,100,0,0,1,0,1,0,0,1,0,539,1550,2
1522,36,113.4,0,0,0,100,0,1,1,249,0,0,1,2,0,283,500,2
1811,41,78.0192,0,1,0,100,0,1,1,472,0,1,1,3,0,348,932,0
1650,25,79.7,0,0,0,90,0,1,1,161,1,0,1,2,0,501,812,3
553,45,53.9784,0,0,0,90,0,1,1,479,0,0,1,3,0,448,686,3
12,25,68.04,0,1,0,90,0,1,1,852,0,1,1,3,0,540,1590,2
1775,39,75.0708,0,1,0,100,0,1,1,449,1,1,1,3,0,300,920,2
1351,35,79.6068,0,1,0,90,0,1,1,505,0,1,1,3,0,470,930,2
684,33,90.2664,0,1,0,90,0,0,1,0,0,1,0,1,0,293,1044,1
80,33,104.0,0,0,1,90,0,1,1,1739,0,0,1,3,0,770,520,0
756,34,80.9,0,1,0,90,0,1,1,1452,0,1,1,3,0,228,1642,3
1187,35,62.1432,0,1,0,100,0,0,1,0,0,1,0,1,0,225,321,3
313,42,91.1736,0,1,0,90,0,0,1,0,0,1,0,1,0,427,2021,1
93,20,82.5,0,1,0,100,0,0,1,0,1,1,0,1,0,300,590,3
770,29,70.0,0,1,1,100,0,0,1,0,0,1,0,1,0,259,975,0
1854,29,63.9576,0,0,0,100,0,0,1,0,1,0,0,1,0,326,1378,1
1110,32,70.7616,0,1,0,90,0,0,1,0,0,1,0,1,0,370,959,1
1030,24,61.236,0,1,0,90,0,0,1,0,1,1,0,1,0,276,1381,1
1398,34,85.5036,0,0,0,100,0,0,1,0,1,1,0,1,0,480,1200,2
2072,12,31.0,1,0,0,100,0,1,1,2500,0,1,1,3,0,187,176,1
836,29,71.7,1,0,0,90,0,1,1,1138,0,1,1,3,0,353,657,1
1649,35,67.94928,0,0,0,80,0,1,1,105,1,0,1,2,0,415,943,3
931,36,63.0504,0,1,0,90,0,1,1,493,0,1,1,3,0,243,680,3
1307,33,78.0192,0,1,0,90,0,1,1,36,0,1,1,2,1,374,838,3
1295,43,73.0296,0,1,0,90,1,0,1,1270,0,1,1,3,0,474,1523,0
1301,35,52.3908,0,0,0,100,0,0,1,0,0,0,0,1,0,479,496,2
780,37,74.1,0,1,0,90,0,1,1,903,0,1,1,3,0,220,720,2
568,27,71.2152,0,1,0,100,0,0,1,0,1,1,0,1,0,299,1029,2
792,45,76.1,0,1,0,90,0,1,1,1348,0,1,1,3,0,315,1332,3
1240,28,81.1944,0,1,0,100,0,0,1,0,0,1,0,1,0,370,924,3
1423,32,79.8336,0,1,0,80,0,1,1,1073,0,1,1,3,1,248,1305,3
1288,23,73.71,0,0,0,90,0,1,1,82,0,0,1,2,0,511,752,1
2123,21,52.3,1,0,0,90,0,1,1,24,0,1,1,2,0,415,949,0
1094,35,66.6792,0,1,0,100,0,1,1,1232,0,1,1,3,0,530,1267,0
562,38,55.3392,0,0,0,90,0,1,1,1068,1,0,1,3,0,210,1111,2
1146,26,65.3184,1,0,0,80,0,0,1,0,0,1,0,1,0,336,516,2
118,40,55.3392,0,0,0,100,0,1,1,486,1,0,1,3,0,338,1664,0
824,31,72.2,0,1,0,90,0,1,1,773,0,1,1,3,0,191,996,2
582,30,87.0912,0,1,0,90,0,1,1,230,0,1,1,2,0,519,649,2
673,32,59.4216,0,0,0,90,0,0,1,0,1,0,0,1,0,231,682,1
981,35,81.1,0,1,0,100,1,0,1,551,0,1,1,3,0,174,1394,1
1799,27,65.3184,0,1,0,100,0,0,1,0,0,1,0,1,0,270,380,3
821,28,68.1,0,1,0,90,0,1,1,185,0,1,1,2,1,269,538,2
1137,27,87.318,0,1,0,100,0,0,1,0,0,1,0,1,0,560,980,2
1729,32,84.8232,0,1,0,100,0,0,1,45,0,1,1,2,1,169,741,1
1737,38,72.9,0,1,0,90,0,0,1,0,0,1,0,1,0,380,1116,1
1757,36,61.6896,0,0,0,90,0,0,1,0,1,1,0,1,0,416,1326,2
1731,24,68.4936,0,1,0,100,0,0,1,0,0,1,0,1,1,406,672,1
1556,36,72.3492,0,1,0,100,0,1,1,238,0,1,1,2,0,353,1389,3
1215,29,73.71,0,1,0,90,0,1,1,33,1,1,1,2,1,186,529,3
1835,20,72.0,0,1,0,100,0,0,1,539,1,1,1,3,0,215,439,0
1099,26,67.5864,0,1,0,100,0,1,1,792,0,1,1,3,0,257,368,1
214,28,115.2144,0,1,1,100,0,0,1,91,1,0,1,2,1,194,721,0
1592,37,76.6584,0,1,0,100,0,1,1,1049,0,1,1,3,0,428,1435,1
2020,20,77.112,1,0,0,100,0,0,1,0,0,1,0,1,0,248,413,0
181,29,97.9,0,0,0,100,0,1,1,475,1,1,1,3,0,415,968,1
918,43,65.772,0,0,1,90,0,1,1,320,0,0,1,2,1,375,806,2
751,44,72.5,0,1,1,80,0,1,1,135,0,1,1,2,1,421,2106,2
85,27,80.0,0,0,0,100,0,1,1,1477,1,1,1,3,0,490,2040,0
1660,38,79.4,0,1,0,100,0,0,1,0,0,1,0,1,0,332,1289,0
227,35,96.1632,0,1,0,100,0,1,1,1096,0,1,1,3,0,452,1269,2
1375,56,75.0708,0,1,0,90,0,1,1,582,0,1,1,3,0,200,590,2
237,48,72.1224,0,1,0,80,0,0,1,0,0,1,0,1,0,305,828,2
75,28,75.5,0,1,0,100,0,0,1,0,0,1,0,1,0,400,1250,2
967,37,74.3904,0,0,0,100,0,1,1,145,1,1,1,2,0,314,1313,1
887,31,57.3804,0,0,0,100,0,1,1,39,0,0,1,2,0,559,1097,1
147,39,75.7,0,1,0,100,0,1,1,159,0,1,1,2,0,431,647,2
1461,29,79.6,0,1,0,100,0,1,1,606,0,1,1,3,0,273,1040,3
259,39,83.0,0,1,0,90,0,1,1,563,0,1,1,3,0,349,1316,2
57,40,74.48112,0,1,0,100,0,0,1,0,0,1,0,1,1,256,658,1
1048,40,72.7,0,0,1,100,0,1,1,668,0,0,1,3,1,313,708,3
1121,54,60.7824,0,1,0,90,0,1,1,178,0,1,1,2,0,246,1230,2
1963,49,55.7,0,0,0,100,0,1,1,607,0,0,1,3,0,200,500,1
510,38,78.9264,0,0,0,90,0,1,1,2342,0,0,1,3,0,392,272,1
1357,27,67.1328,0,0,0,100,0,1,1,950,1,0,1,3,0,210,730,2
166,32,90.5,0,0,0,90,0,0,1,0,0,1,0,1,0,166,624,1
29,40,55.566,0,0,0,100,0,1,1,406,1,0,1,3,0,238,1311,3
1039,42,67.1328,0,0,0,100,0,1,1,822,0,0,1,3,0,388,1040,2
748,39,94.5,0,1,1,90,0,1,1,114,0,1,1,2,1,149,564,2
333,31,87.9984,0,1,0,100,0,0,1,0,0,1,0,1,1,538,1166,3
103,47,79.38,0,1,1,100,0,1,1,585,0,1,1,3,0,444,1806,3
671,34,96.5,0,1,0,90,0,0,1,273,0,1,1,2,0,703,641,1
1002,35,62.3,0,0,0,90,0,1,1,493,1,0,1,3,0,401,836,2
511,49,60.7824,0,1,0,100,0,1,1,777,0,1,1,3,0,352,912,3
1721,36,91.9,0,1,0,100,0,0,1,0,0,1,0,1,0,280,1305,2
494,37,68.2,0,0,0,80,1,1,1,727,0,1,1,3,1,306,423,0
1567,30,77.3388,0,1,0,100,0,0,1,0,1,1,0,1,0,209,452,1
635,37,73.4832,0,1,0,100,0,0,1,0,1,1,0,1,0,193,469,3
994,33,73.2,0,1,0,90,0,0,1,0,1,1,0,1,0,464,524,3
190,37,85.7304,0,1,0,100,0,0,1,0,0,1,0,1,0,415,1659,0
2064,35,80.514,1,0,0,100,0,0,1,0,1,1,0,1,0,490,1151,0
742,27,78.2,0,1,0,90,0,0,1,0,0,1,0,1,1,449,1768,0
1218,42,70.308,0,1,0,90,0,1,1,857,0,1,1,3,1,285,1030,3
1470,34,65.5,0,1,0,100,0,0,1,0,0,1,0,1,0,198,911,3
33,37,73.0,0,0,0,100,0,0,1,0,1,0,0,1,0,342,1459,3
1009,33,71.6688,0,1,0,90,0,1,1,838,0,1,1,3,1,210,602,1
1583,50,83.4624,0,0,1,100,0,1,1,1188,0,1,1,3,0,606,1145,3
796,31,78.1,1,0,1,90,0,1,1,1174,0,1,1,3,0,257,137,1
71,36,85.5,0,1,0,90,0,1,1,1182,0,1,1,3,1,360,680,3
198,31,76.0,0,1,0,90,0,1,1,348,0,1,1,2,0,286,958,3
1902,63,86.6376,0,0,0,100,0,0,1,0,1,1,0,1,0,593,537,2
1012,31,102.06,0,1,0,90,1,0,1,307,0,1,1,2,0,262,622,0
1101,41,69.4008,0,1,0,100,0,0,1,168,0,1,1,2,1,258,1548,3
1177,30,129.0,0,1,0,100,0,0,1,0,1,1,0,1,0,299,1228,3
376,34,70.7616,0,0,0,90,0,0,1,0,1,1,0,1,0,267,431,2
1363,51,73.0296,0,1,0,90,0,1,1,540,0,1,1,3,0,300,1160,1
2127,24,66.0,1,0,0,90,0,1,1,769,0,1,1,3,0,312,352,2
1241,45,63.0504,0,0,0,80,0,0,1,0,0,1,0,1,0,218,921,0
1260,28,59.10408,0,0,0,80,0,1,1,1166,0,0,1,3,0,251,337,1
985,32,73.4,0,1,0,90,0,0,1,0,1,1,0,1,0,441,1123,3
927,35,97.5,0,0,0,100,0,1,1,585,1,1,1,3,0,396,968,1
854,30,68.2,0,1,0,80,0,1,1,37,0,1,1,2,1,228,497,2
666,52,68.04,0,1,0,90,0,1,1,270,1,1,1,2,0,319,465,0
1446,31,72.0,0,1,0,100,0,1,1,273,0,1,1,2,0,274,673,2
28,33,64.1,0,1,0,100,0,1,1,1306,0,1,1,3,0,486,2400,0
955,34,68.04,0,1,0,100,0,1,1,883,0,1,1,3,0,385,816,3
1207,45,73.0296,0,1,0,90,0,1,1,1113,0,1,1,3,0,309,988,2
1600,49,59.4216,0,0,1,100,0,1,1,1084,1,0,1,3,0,440,2126,0
1138,37,92.5344,0,1,0,90,0,0,1,0,0,1,0,1,0,295,868,1
528,38,69.8544,0,1,0,90,0,1,1,189,0,1,1,2,0,304,1140,0
2002,34,96.6168,0,1,0,90,0,0,1,0,0,1,0,1,0,420,1170,3
1134,27,62.0,0,1,0,100,0,1,1,149,1,1,1,2,0,378,892,3
881,24,79.92432,0,1,0,100,0,1,1,988,0,1,1,3,0,469,1572,1
104,70,73.9368,0,1,0,100,0,1,1,674,0,1,1,3,0,429,1121,0
633,41,77.112,0,1,0,100,0,0,1,0,0,1,0,1,0,428,602,3
1133,30,72.7,0,1,0,90,0,1,1,539,0,1,1,3,0,311,1408,3
1535,31,83.0088,0,1,0,90,0,0,1,0,1,1,0,1,0,548,1116,1
1901,35,89.3592,0,1,0,100,0,0,1,0,0,1,0,1,0,527,1156,3
1681,26,59.8752,0,1,0,90,0,0,1,0,0,1,0,1,1,170,348,2
1190,36,62.7,0,0,0,100,0,0,1,0,0,0,0,1,0,670,1571,1
2014,13,32.6592,1,0,0,100,0,1,1,553,0,1,1,3,1,265,434,2
1082,38,74.3904,0,0,0,90,0,1,1,374,0,1,1,3,0,146,1774,3
1300,41,73.0296,0,1,0,90,0,1,1,1110,0,1,1,3,1,318,2139,2
1606,27,66.4524,0,0,1,80,0,1,1,943,0,0,1,3,0,649,2220,3
705,34,68.2,0,1,0,100,0,1,1,1104,0,1,1,3,0,292,1098,3
642,35,48.762,0,0,0,90,0,0,1,0,0,0,0,1,0,258,546,3
1536,31,80.2872,0,0,0,100,0,0,1,0,1,1,0,1,0,542,845,0
2010,16,58.0608,1,0,0,100,0,1,1,333,0,1,1,2,0,369,906,3
1586,30,81.648,0,0,0,100,0,0,1,389,0,1,1,3,0,334,556,0
1714,61,69.8,0,0,0,90,0,0,1,0,0,1,0,1,0,440,1120,0
341,52,67.1,0,1,0,90,0,1,1,773,0,1,1,3,0,408,1497,2
1927,28,67.6,0,1,0,90,0,0,1,0,0,1,0,1,0,378,972,1
1258,35,100.6992,0,0,0,100,0,0,1,0,0,0,0,1,0,465,1152,2
1617,47,67.1328,0,1,0,100,0,1,1,22,0,1,1,2,0,499,1056,0
2116,23,66.2,1,0,0,100,0,1,1,1327,0,1,1,3,0,266,577,3
1905,47,84.8,0,1,0,100,0,0,1,0,0,1,0,1,0,468,716,2
675,38,75.0,0,1,0,90,0,0,1,31,1,1,1,2,0,310,601,2
1897,44,77.5656,0,1,0,100,0,1,1,448,0,1,1,3,0,240,765,0
1282,42,81.648,0,1,0,90,0,1,1,722,0,1,1,3,0,232,1352,1
62,36,53.298,0,0,0,90,0,0,1,213,1,0,1,2,0,211,562,2
933,26,63.6,0,1,0,90,0,0,1,0,0,1,0,1,0,307,443,1
1808,33,73.6,0,1,0,100,1,1,1,1080,0,1,1,3,0,422,739,3
1648,29,70.9884,0,1,0,90,0,1,1,139,0,1,1,2,0,404,866,3
911,30,98.4312,0,1,1,90,0,0,1,0,0,1,0,1,0,417,702,3
2068,27,60.3288,1,0,0,100,0,1,1,928,0,1,1,3,0,448,3046,0
1656,30,68.0,0,1,0,90,0,1,1,981,0,1,1,3,1,184,563,2
983,38,83.6,0,1,0,100,0,0,1,0,0,1,0,1,0,276,414,2
2028,62,81.648,1,0,0,100,0,0,1,0,0,1,0,1,0,334,1070,2
251,36,72.5,0,1,0,100,0,1,1,1418,0,1,1,3,0,486,986,2
2080,21,93.6,1,0,0,100,0,1,1,925,1,1,1,3,0,628,1167,0
1386,43,74.6,0,1,0,100,0,1,1,816,0,1,1,3,0,300,970,0
776,42,95.2,0,1,0,90,0,1,1,912,0,1,1,3,0,255,453,3
569,22,55.7928,0,1,0,90,0,0,1,0,1,1,0,1,0,775,795,3
194,37,69.8544,0,0,1,90,0,1,1,383,1,1,1,3,1,209,1111,0
649,45,82.87272,0,0,0,90,0,1,1,406,1,1,1,3,0,324,1427,1
735,46,75.9,0,1,1,100,0,0,1,0,0,1,0,1,0,338,1072,3
466,35,93.4416,0,1,0,100,0,1,1,1200,1,1,1,3,0,290,1716,0
1202,33,89.3592,0,1,0,100,0,1,1,925,0,1,1,3,1,194,1162,1
2122,23,70.9,1,0,0,90,0,1,1,1181,0,1,1,3,0,434,1018,3
1447,31,103.6,0,1,0,100,0,1,1,942,0,1,1,3,0,350,1196,3
969,56,82.1016,0,1,0,100,0,0,1,0,1,1,0,1,0,460,519,1
947,30,83.8,0,1,0,90,0,0,1,0,0,1,0,1,0,249,1341,1
238,30,59.4216,0,0,0,80,0,1,1,617,1,0,1,3,0,372,688,1
269,59,84.0,0,1,0,100,0,1,1,452,1,1,1,3,0,248,426,0
378,36,78.0192,0,1,0,90,0,0,1,0,1,1,0,1,1,389,703,1
1367,32,79.38,0,1,0,100,0,0,1,0,1,1,0,1,0,390,870,1
1948,36,57.5,0,1,0,90,0,0,1,0,1,1,0,1,0,160,1390,1
1565,23,52.164,0,0,0,100,0,1,1,145,1,0,1,2,0,300,622,1
1205,48,71.8956,0,1,0,100,0,1,1,370,0,1,1,3,0,282,780,2
952,41,73.8,0,1,0,100,0,1,1,191,0,1,1,3,0,461,691,0
137,50,77.5656,0,1,0,100,0,0,1,0,0,1,0,1,0,380,1040,2
714,43,94.1,0,1,0,100,0,0,1,0,0,1,0,1,0,280,1706,0
841,35,83.5,0,0,0,90,0,1,1,213,0,0,1,2,1,414,740,0
1417,32,71.2152,0,1,0,90,0,1,1,196,0,1,1,2,0,189,116,2
1941,33,67.4,0,1,0,100,0,0,1,0,0,1,0,1,0,422,1040,2
1328,29,68.4936,0,1,0,100,0,1,1,1026,0,1,1,3,0,280,810,0
1841,30,73.9368,0,1,0,100,0,0,1,0,1,1,0,1,0,263,998,2
437,35,83.0088,0,1,0,100,0,1,1,134,0,1,1,2,1,395,1579,3
1345,40,85.5,0,1,0,90,0,0,1,0,0,1,0,1,0,380,770,3
1343,30,76.2048,0,1,0,90,0,0,1,0,0,1,0,1,0,680,850,3
484,45,73.0296,0,1,0,100,0,0,1,0,0,1,0,1,0,261,796,2
1809,36,86.184,0,1,0,100,1,0,1,575,0,1,1,3,0,337,618,2
1629,40,67.1328,0,1,0,90,0,1,1,424,0,1,1,3,0,423,1843,3
896,43,69.4008,0,1,0,90,1,1,1,1000,1,1,1,3,1,186,1889,2
1063,34,55.3392,0,0,0,100,0,1,1,1635,0,0,1,3,0,337,622,0
2124,25,70.5,1,0,0,90,0,1,1,26,0,1,1,2,0,550,5011,3
727,29,69.1,0,1,0,90,0,0,1,0,0,1,0,1,0,359,612,2
286,46,87.318,0,1,0,100,0,1,1,940,0,1,1,3,1,488,1017,0
507,43,76.4,0,1,0,90,0,1,1,724,0,1,1,3,0,210,430,0
1413,21,58.968,0,0,0,100,0,0,1,0,0,0,0,1,0,300,570,2
943,27,53.16192,0,0,0,90,0,0,1,0,0,0,0,1,1,230,1014,2
1574,44,89.3592,0,0,0,100,0,0,1,0,0,1,0,1,0,308,484,0
1667,41,65.0916,1,0,0,100,1,0,1,962,0,1,1,3,0,99,105,2
1865,27,52.70832,0,1,0,100,0,0,1,0,1,1,0,1,0,420,1800,3
1760,41,92.3076,0,1,0,90,1,0,1,996,0,1,1,3,0,220,990,2
1429,34,65.3184,0,1,0,100,0,0,1,0,0,1,0,1,0,214,591,2
1690,47,74.844,0,0,0,100,0,0,1,0,1,0,0,1,0,504,1176,0
1220,23,53.9784,0,1,0,80,0,1,1,816,0,1,1,3,0,208,847,3
926,39,45.8136,0,0,1,90,0,1,1,723,1,0,1,3,0,207,1261,3
2082,24,66.4,1,0,1,100,0,1,1,735,0,1,1,3,0,359,745,3
1035,47,71.2152,0,0,0,100,0,1,1,67,1,0,1,2,0,162,459,3
1718,30,69.1,0,1,0,90,0,1,1,152,0,1,1,2,0,200,1736,3
50,31,74.5,0,1,0,100,0,1,1,776,0,1,1,3,0,364,1371,2
1040,34,61.6896,0,0,0,100,0,1,1,249,1,0,1,2,0,247,982,1
978,49,115.668,0,1,0,100,0,0,1,0,1,1,0,1,0,442,1794,2
874,30,74.57184,0,1,0,100,0,1,1,957,0,1,1,3,0,469,1430,2
1165,55,71.2152,0,1,0,90,1,0,1,89,1,1,1,2,0,448,752,0
829,33,67.4,0,0,0,90,0,1,1,56,1,0,1,2,0,447,1080,0
1257,38,68.4936,0,0,1,100,0,1,1,370,1,0,1,3,0,198,1334,0
1201,45,86.184,0,1,0,90,0,1,1,1594,0,1,1,3,1,174,392,2
1903,33,66.4524,0,0,0,100,0,0,1,0,1,0,0,1,0,310,800,3
564,55,82.1016,0,1,0,90,1,0,1,587,0,1,1,3,0,229,1078,3
462,30,78.0192,0,1,0,100,0,0,1,0,0,1,0,1,0,470,995,2
1597,25,70.21728,0,1,0,100,0,1,1,739,1,1,1,3,0,312,1679,2
2047,37,92.0,1,0,0,100,0,0,1,0,0,1,0,1,0,214,1000,0
1640,30,61.0092,1,0,0,100,0,0,1,0,1,0,0,1,0,424,878,3
1997,40,62.5968,0,0,0,90,0,1,1,514,0,0,1,3,0,410,1760,0
1298,28,103.4208,0,1,0,90,0,1,1,949,0,1,1,3,0,522,1085,2
111,36,78.0192,0,1,0,100,0,0,1,0,0,1,0,1,0,260,851,2
1475,35,82.4,0,1,0,100,0,0,1,0,0,1,0,1,1,471,613,3
6,31,73.0296,0,1,0,100,0,1,1,930,0,1,1,3,0,244,708,0
276,29,49.80528,0,0,0,100,0,1,1,144,0,0,1,2,0,374,649,0
1946,39,71.3,0,0,1,100,0,0,1,0,1,1,0,1,0,490,1030,0
2133,39,64.8648,1,0,0,90,0,1,1,1042,0,1,1,3,0,378,504,2
577,29,78.4728,0,1,0,100,0,0,1,0,0,1,0,1,0,358,699,2
1090,40,74.3904,0,1,0,100,0,1,1,782,0,1,1,3,0,400,1178,2
2084,31,82.3284,1,0,0,100,0,1,1,459,0,1,1,3,0,323,1394,2
138,28,68.4936,0,1,0,100,0,0,1,0,0,1,0,1,0,280,440,0
1677,37,79.38,1,0,0,100,0,0,1,0,0,1,0,1,1,319,1412,0
1853,33,43.00128,0,0,0,90,0,0,1,0,1,1,0,1,0,181,367,2
1703,24,65.2,0,0,0,90,0,0,1,0,0,0,0,1,1,140,1380,1
246,45,74.5,0,1,0,100,0,1,1,1492,0,1,1,3,0,236,1080,1
2055,25,80.2872,1,0,0,100,0,1,1,852,0,1,1,3,0,306,384,3
1267,24,70.7616,0,0,0,100,0,0,1,0,1,0,0,1,0,622,1010,1
1041,42,86.8644,0,0,0,100,0,1,1,25,1,0,1,2,1,242,516,0
274,33,66.0,0,1,0,100,0,0,1,0,0,1,0,1,0,232,828,3
1149,69,81.648,0,1,0,100,0,0,1,0,0,1,0,1,0,455,2216,1
1123,26,69.4008,0,1,0,100,0,1,1,272,1,1,1,2,0,324,1044,1
517,28,68.0,0,1,0,100,0,0,1,0,0,1,0,1,0,336,976,2
126,41,111.0,0,1,0,90,0,1,1,384,0,1,1,3,0,470,1528,1
1084,30,149.0,0,1,0,90,0,0,1,0,0,1,0,1,0,345,1052,0
655,34,108.864,0,1,0,90,0,0,1,0,0,1,0,1,0,302,786,2
99,33,83.4624,0,1,0,100,0,1,1,306,0,1,1,2,0,272,842,1
171,29,70.8,0,1,0,90,0,1,1,977,0,1,1,3,1,517,1808,2
2067,40,86.4108,1,0,0,100,0,1,1,715,0,1,1,3,0,296,395,1
1147,30,81.3,0,1,0,90,0,0,1,0,0,1,0,1,0,418,1722,1
1651,35,68.0,0,1,0,90,0,1,1,205,0,1,1,2,0,213,568,2
1696,28,68.4936,0,1,0,100,0,1,1,1756,0,1,1,3,0,646,731,2
1394,29,74.5,0,1,0,100,0,0,1,0,0,1,0,1,0,500,900,1
565,35,66.6792,0,1,0,90,0,0,1,0,1,1,0,1,0,448,1253,2
414,28,68.9472,0,1,0,100,0,1,1,1444,0,1,1,3,0,264,1117,0
290,54,71.5,0,1,0,100,0,1,1,380,0,1,1,3,0,301,1607,2
1360,27,75.2976,0,1,0,90,0,1,1,336,0,1,1,2,0,760,1480,3
1135,27,75.8,0,0,0,90,0,0,1,0,1,1,0,1,0,689,919,1
1866,38,59.8752,0,0,1,100,0,0,1,0,1,0,0,1,0,610,1350,2
988,47,93.2,0,0,0,100,0,1,1,405,1,1,1,3,0,476,680,0
127,28,84.3696,0,1,0,90,0,1,1,7,0,1,0,1,0,360,1130,3
832,33,67.7,0,1,0,90,0,1,1,221,0,1,1,2,0,450,731,1
36,45,82.7,0,1,0,100,0,1,1,0,0,1,0,1,0,370,739,1
1512,26,73.9368,0,1,0,100,0,1,1,772,0,1,1,3,0,293,1406,2
485,49,90.0396,0,1,0,100,0,0,1,0,1,1,0,1,1,468,936,3
1778,42,76.2048,0,0,1,100,0,1,1,275,1,1,1,2,1,330,1650,3
1464,32,69.8,0,1,1,100,0,0,1,0,0,1,0,1,0,435,886,1
1906,27,70.5348,0,1,0,100,0,0,1,0,0,1,0,1,0,252,1040,3
1822,37,58.968,0,0,1,100,0,0,1,0,0,0,0,1,0,485,908,0
83,28,58.6,0,1,0,100,0,1,1,890,0,1,1,3,0,470,1080,2
1747,27,103.4208,0,1,0,90,0,0,1,0,0,1,0,1,0,143,858,0
905,31,58.8,0,1,0,100,1,1,1,764,1,1,1,3,1,203,820,0
687,28,88.452,0,0,0,90,0,0,1,0,1,1,0,1,0,478,1310,3
345,47,73.0,0,1,0,100,0,1,1,1081,0,1,1,3,0,289,927,0
467,28,67.5864,0,1,0,100,0,1,1,51,0,1,1,2,0,249,689,2
731,31,84.3696,0,1,0,90,0,0,1,0,0,1,0,1,0,275,446,1
1943,39,112.5,0,0,1,100,0,1,1,383,1,0,1,3,1,360,550,0
1956,23,60.5,0,0,0,100,0,1,1,994,1,0,1,3,0,311,246,2
1783,45,68.2668,0,0,1,90,1,1,1,653,1,1,1,3,0,410,980,1
1818,35,72.576,0,1,0,100,0,1,1,28,0,1,1,2,1,211,586,1
1005,31,86.8,0,0,1,100,0,0,1,0,1,1,0,1,0,224,776,2
1605,44,90.4932,0,1,0,90,0,1,1,1248,1,0,1,3,0,250,2677,3
1468,29,65.3,0,1,0,100,0,0,1,0,1,1,0,1,0,412,1115,0
1733,33,74.1636,0,1,0,100,0,0,1,0,0,1,0,1,0,348,552,1
800,38,59.5,0,1,0,80,0,1,1,437,0,1,1,3,1,253,478,2
498,43,78.6,0,1,0,90,0,1,1,1289,0,1,1,3,0,460,1472,2
1323,33,76.2048,0,1,0,100,0,1,1,626,0,1,1,3,0,350,2570,0
1020,47,95.2,0,1,0,80,0,0,1,730,0,1,1,3,1,254,2792,2
1421,26,79.6068,0,1,0,90,0,1,1,548,0,1,1,3,0,448,756,1
1891,29,78.6996,0,1,0,100,0,1,1,723,0,1,1,3,0,270,1296,2
573,44,60.3288,0,1,0,90,0,1,1,817,0,1,1,3,0,381,604,0
253,63,73.4832,0,1,0,100,0,0,1,0,0,1,0,1,0,498,1365,2
769,33,78.1,0,1,0,90,0,0,1,0,0,1,0,1,0,420,1457,3
74,48,59.0,0,0,1,100,0,1,1,163,1,1,1,2,0,430,1370,0
806,42,76.1,0,1,0,90,0,1,1,2071,0,1,1,2,0,293,1171,1
124,24,58.5144,0,1,0,100,0,0,1,0,0,1,0,1,1,342,525,3
2061,44,80.0604,1,0,0,90,0,1,1,723,1,1,1,3,0,324,1617,2
2083,27,58.0608,1,0,0,90,0,0,1,41,1,1,1,2,0,353,680,3
1304,27,55.3392,0,0,0,90,0,1,1,273,1,0,1,2,1,234,936,1
2092,47,60.64632,1,0,0,90,0,1,1,845,0,1,1,3,0,142,891,2
1755,32,67.1328,0,0,1,100,0,0,1,0,0,1,0,1,0,200,2720,3
738,31,92.3,0,1,1,100,0,0,1,0,0,1,0,1,0,293,1658,2
444,29,79.8336,0,1,0,100,0,0,1,0,1,1,0,1,0,406,1111,2
871,30,79.5,0,1,0,100,0,0,1,0,1,1,0,1,1,348,1060,3
324,38,111.3588,0,0,1,100,0,0,1,0,0,1,0,1,0,384,1182,1
1781,40,93.6684,0,0,1,90,0,1,1,792,1,1,1,3,0,470,1510,1
998,37,59.1,0,0,0,90,0,0,1,0,0,0,0,1,0,213,515,2
1244,21,112.4928,0,1,0,100,0,0,1,0,1,1,0,1,0,382,1314,0
2006,27,70.2,1,0,0,90,0,0,1,0,0,1,0,1,0,302,626,2
1314,32,69.8544,0,0,1,100,0,0,1,0,1,1,0,1,0,425,637,2
195,34,67.1328,0,0,1,100,0,1,1,448,1,1,1,3,0,312,1584,1
1593,28,85.7304,0,1,0,100,0,0,1,0,0,1,0,1,0,416,800,1
207,40,78.9264,0,1,1,100,0,0,1,0,1,1,0,1,0,304,486,2
86,39,61.0,0,0,1,80,0,1,1,166,0,0,1,2,0,210,940,2
1751,39,113.4,0,0,1,90,0,0,1,0,1,0,0,1,0,532,462,0
1527,39,54.8856,0,1,0,100,0,0,1,0,1,1,0,1,0,319,3192,3
583,64,72.3,0,1,0,90,0,0,1,0,0,1,0,1,0,258,1623,3
678,33,88.2252,0,1,0,90,0,0,1,0,1,1,0,1,0,285,571,2
1192,45,70.9,0,0,1,100,0,0,1,0,1,0,0,1,0,422,673,0
354,42,70.7616,0,1,0,90,0,1,1,503,0,1,1,3,1,358,689,0
704,35,77.5,0,1,0,90,0,1,1,722,0,1,1,3,1,280,1703,1
334,40,74.52648,0,0,0,90,0,1,1,133,0,0,1,2,0,395,482,3
2103,29,57.2,0,0,0,100,0,1,1,108,0,0,1,2,0,230,546,3
1326,26,112.4928,0,0,0,80,0,1,1,931,1,0,1,3,0,190,690,0
599,20,66.6792,1,0,0,100,0,1,1,921,0,1,1,3,0,601,1294,2
858,31,87.3,0,1,0,100,0,0,1,0,0,1,0,1,0,352,928,2
548,34,79.2,0,1,0,80,0,1,1,0,0,1,0,1,0,252,744,1
618,31,90.35712,0,1,0,100,0,1,1,976,0,1,1,3,0,316,741,0
1786,37,88.9056,0,1,0,80,0,1,1,629,0,1,1,3,0,260,2220,3
1976,34,70.1,0,1,0,100,0,0,1,0,0,1,0,1,0,380,988,2
373,22,58.2876,0,1,0,90,0,1,1,380,1,1,1,3,0,211,515,3
188,35,65.3184,0,1,0,100,0,0,1,0,0,1,0,1,1,187,396,2
1938,39,83.9,0,1,0,100,0,0,1,0,0,1,0,1,0,370,630,1
1962,51,119.2968,0,1,0,100,0,0,1,0,0,1,0,1,0,231,492,1
884,29,71.442,0,1,0,100,0,1,1,175,0,1,1,2,0,421,644,0
965,36,66.2256,0,0,0,100,0,1,1,307,1,0,1,2,1,393,655,3
688,46,74.6172,0,1,0,90,0,0,1,0,0,1,0,1,1,604,982,2
69,54,71.2,0,1,1,70,0,1,1,685,0,1,1,3,0,260,1830,2
9,35,78.0192,0,1,0,100,0,1,1,964,0,1,1,3,0,221,221,0
1813,40,83.916,0,1,1,100,0,1,1,353,0,1,1,2,0,225,651,0
419,42,68.4936,0,1,0,100,0,1,1,840,0,1,1,3,1,333,713,2
509,29,68.0,0,1,0,100,0,1,1,779,1,1,1,3,0,289,1054,2
220,31,70.9,0,1,0,100,0,0,1,0,1,1,0,1,0,239,1265,1
114,27,75.7512,0,0,0,100,0,1,1,68,1,0,1,2,0,455,721,2
1289,36,56.2464,0,1,1,90,0,1,1,1938,0,1,1,3,1,593,1754,0
1223,40,73.0296,0,1,1,100,0,1,1,650,1,1,1,3,0,163,581,1
1924,33,74.4,0,1,0,90,0,0,1,0,0,1,0,1,0,212,575,0
561,32,78.9264,0,1,0,90,0,1,1,917,0,1,1,3,0,359,1048,3
59,26,92.62512,0,0,0,100,0,0,1,0,0,0,0,1,0,421,337,1
2121,24,71.0,1,0,0,100,0,1,1,334,0,1,1,2,0,364,770,0
801,58,91.0,0,1,0,90,0,0,1,0,0,1,0,1,0,368,735,2
939,40,75.2976,0,1,1,90,0,1,1,25,0,1,1,2,0,434,1236,1
1482,20,57.3,0,1,0,100,0,0,1,0,0,1,0,1,0,488,798,0
1803,28,58.5144,0,1,0,100,0,0,1,1016,1,1,1,3,0,549,875,3
1412,27,93.8952,0,1,0,100,0,0,1,0,0,1,0,1,0,210,690,3
647,27,59.6484,0,1,0,100,0,0,1,0,0,1,0,1,0,447,729,2
340,29,66.1,0,1,0,90,0,1,1,1509,0,1,1,3,0,469,775,0
1613,32,64.8648,0,0,1,100,0,1,1,878,0,0,1,3,0,386,941,3
1892,42,70.5348,0,1,0,100,0,1,1,1057,0,1,1,3,0,289,1491,2
18,47,94.0,0,1,0,100,0,1,1,1421,0,1,1,3,0,180,710,1
1466,24,67.9,0,1,0,100,0,1,1,118,0,0,1,2,0,310,1032,1
392,35,63.0504,0,0,0,90,0,0,1,0,1,0,0,1,0,238,926,0
1331,21,65.5452,0,1,0,90,0,1,1,1148,0,1,1,3,0,520,1800,3
1851,26,50.3496,0,0,0,100,0,0,1,0,1,1,0,1,0,250,720,3
413,27,75.9,0,1,0,100,0,1,1,676,0,1,1,3,0,442,1088,1
1746,32,81.5,0,0,0,90,0,0,1,0,1,1,0,1,0,320,870,0
1529,45,78.246,0,1,0,100,0,1,1,233,0,1,1,2,0,180,1777,0
1806,38,83.916,0,1,0,100,0,1,1,1089,0,1,1,3,0,363,1164,2
976,37,63.6,0,0,1,90,0,0,1,0,1,1,0,1,0,263,677,2
975,36,75.4,0,1,0,80,0,1,1,127,0,1,1,2,0,395,1059,0
1519,25,75.5244,0,1,0,100,0,0,1,0,1,1,0,1,0,481,577,1
109,40,91.6272,0,1,0,100,0,0,1,0,0,1,0,1,1,255,486,1
536,39,80.5,0,1,0,80,0,0,1,0,0,1,0,1,0,168,864,3
1097,47,64.638,0,1,0,100,0,1,1,1360,0,1,1,3,0,496,992,2
1306,45,89.8128,0,0,0,100,0,0,1,0,0,0,0,1,0,443,812,0
49,67,71.0,0,1,0,100,0,0,1,0,0,1,0,1,1,307,975,3
1879,38,63.7308,0,1,1,100,0,1,1,1647,0,1,1,3,0,456,765,0
464,31,73.2564,0,1,0,100,0,1,1,260,0,1,1,2,0,402,1707,2
445,34,71.442,0,1,0,100,0,0,1,0,0,1,0,1,1,316,804,2
535,35,66.2256,0,1,0,90,1,1,1,437,0,1,1,3,1,180,744,2
2089,32,53.7516,1,1,0,90,0,0,1,56,0,1,1,2,0,383,405,1
1725,46,72.4,0,1,0,100,0,1,1,477,0,1,1,3,1,280,1590,0
1998,36,83.916,0,1,1,70,0,0,1,0,1,1,0,1,1,300,550,3
979,45,69.8544,0,1,0,90,0,1,1,4,1,1,0,1,0,470,986,3
694,43,81.8,0,1,0,100,0,1,1,1424,0,1,1,3,0,425,1029,3
1117,31,86.6376,0,1,0,90,0,1,1,333,0,1,1,2,0,343,1244,0
1017,36,84.3696,0,1,0,90,0,0,1,0,0,1,0,1,0,370,1287,0
343,34,78.3,0,1,0,100,0,1,1,931,0,1,1,3,0,254,624,3
2114,27,85.8,1,0,0,100,0,0,1,0,0,1,0,1,0,176,960,3
1281,26,80.7408,0,1,0,100,0,0,1,0,0,1,0,1,0,416,1363,3
1622,31,122.472,0,0,0,100,0,1,1,68,0,0,1,2,1,250,985,2
1209,42,62.5968,0,1,0,90,0,1,1,768,0,1,1,3,0,187,827,0
135,37,64.4112,0,1,0,100,0,1,1,394,0,1,1,3,0,310,840,1
554,47,78.0192,0,1,0,90,0,1,1,1598,0,1,1,3,0,457,804,3
533,42,59.1,0,1,0,90,0,1,1,123,0,1,1,2,0,380,1020,0
46,43,102.7,0,1,0,90,0,1,1,672,0,1,1,3,1,224,1684,1
1401,38,91.1736,0,1,0,90,0,1,1,735,0,1,1,3,0,240,500,2
1239,37,82.782,0,1,0,100,0,0,1,0,0,1,0,1,1,440,752,2
1059,33,43.8,0,0,1,100,0,0,1,0,0,0,0,1,0,263,305,1
1356,28,87.0912,0,0,1,100,0,1,1,97,1,0,1,2,0,250,1260,3
452,32,60.5556,0,0,0,100,0,0,1,31,0,0,1,2,0,358,594,0
870,40,72.2,0,1,0,100,0,0,1,0,0,1,0,1,1,281,941,2
116,32,84.8232,0,1,0,100,0,1,1,130,0,1,1,2,0,520,749,3
1523,37,57.0,0,0,0,90,0,1,1,227,0,0,1,2,0,464,546,1
1104,62,76.4316,0,1,0,90,0,0,1,0,0,1,0,1,0,408,1392,0
861,26,89.5,0,1,0,90,0,0,1,0,0,1,0,1,0,214,1014,2
1864,33,68.4936,0,0,1,80,0,0,1,0,1,1,0,1,1,170,1140,2
48,24,67.7,0,1,0,90,0,0,1,0,0,1,0,1,0,253,729,1
155,30,69.1,0,1,0,100,0,1,1,444,0,1,1,3,0,218,914,2
845,41,76.0,0,1,0,90,0,1,1,517,0,1,1,3,0,367,1183,3
100,64,77.112,0,1,0,100,0,1,1,174,0,1,1,2,0,383,1430,3
1679,34,84.2,0,1,0,90,0,1,1,979,0,1,1,3,0,220,620,0
1712,24,81.1,0,0,0,90,0,1,1,7,1,0,0,1,0,420,620,3
820,42,85.4,0,1,0,90,0,1,1,140,0,1,1,2,0,522,1714,2
165,34,103.2,0,1,0,100,0,1,1,537,1,1,1,3,0,345,1010,3
1861,28,61.6896,0,0,0,100,0,1,1,290,1,0,1,2,0,380,840,3
1830,48,73.2564,0,1,0,100,0,0,1,0,0,1,0,1,0,481,525,3
2104,48,77.2,1,0,0,100,0,1,1,774,0,1,1,3,0,360,351,0
973,29,71.8,0,0,1,90,0,1,1,161,1,1,1,2,0,479,959,2
20,40,58.0608,0,1,1,100,0,1,1,1053,0,1,1,3,0,320,830,3
1414,32,91.1736,0,0,0,90,0,0,1,0,1,0,0,1,0,380,430,3
530,51,96.1632,0,1,0,100,0,0,1,0,0,1,0,1,0,276,648,1
2137,14,60.0,1,0,0,100,0,0,1,0,0,1,0,1,0,166,999,0
108,30,74.844,0,1,0,100,0,1,1,624,0,1,1,3,0,441,583,0
140,27,76.2048,0,1,0,100,0,0,1,0,0,1,0,1,0,440,460,0
719,45,76.0,0,1,1,90,0,1,1,866,0,1,1,3,1,340,1277,3
913,25,66.5,0,0,0,90,0,0,1,0,0,1,0,1,0,420,819,3
1969,33,65.0,0,1,0,100,0,0,1,0,1,1,0,1,0,165,900,2
917,30,60.102,0,1,0,100,0,1,1,430,0,1,1,3,0,162,1294,1
2009,38,74.1636,1,0,0,100,0,1,1,448,0,1,1,3,1,267,956,1
1937,28,73.5,0,0,0,100,0,0,1,0,1,0,0,1,0,381,4255,0
407,29,71.71416,1,1,0,100,0,1,1,563,0,1,1,3,0,339,868,3
2036,48,81.1944,1,0,0,100,0,0,1,0,1,1,0,1,0,461,177,3
566,32,70.308,0,1,0,90,0,0,1,0,0,1,0,1,0,413,516,0
394,27,70.308,0,1,0,100,0,0,1,0,1,1,0,1,0,535,470,2
1745,27,86.6,0,1,0,90,0,0,1,0,0,1,0,1,0,300,450,2
143,30,77.112,0,1,0,100,0,0,1,0,0,1,0,1,0,320,850,3
1122,20,72.7,0,1,0,90,0,1,1,21,0,1,1,2,0,283,694,0
1792,31,63.504,0,0,1,90,0,0,1,0,1,0,0,1,0,230,960,3
1049,30,79.5,0,1,0,100,0,1,1,1633,1,1,1,3,0,235,1529,2
689,49,66.2256,0,1,0,90,0,0,1,0,0,1,0,1,0,528,827,0
847,36,71.1,0,1,0,90,0,1,1,280,0,1,1,2,0,267,840,1
822,31,84.3,0,1,0,90,0,1,1,1112,0,1,1,3,0,230,726,0
551,35,69.8,0,1,0,100,0,0,1,0,1,1,0,1,0,221,702,1
1378,42,67.8132,0,1,0,100,0,0,1,65,0,1,1,2,0,320,1860,1
202,27,74.844,0,1,0,100,0,0,1,0,0,1,0,1,0,337,703,1
598,45,66.6792,0,0,0,90,0,1,1,327,1,0,1,2,0,124,705,1
1954,37,89.7,0,1,0,100,0,0,1,0,0,1,0,1,0,390,1090,3
601,28,68.81112,0,1,0,80,0,1,1,1586,0,1,1,3,0,333,564,2
1576,29,100.0188,0,0,0,100,0,0,1,0,0,1,0,1,0,441,882,0
2102,14,48.3084,1,0,0,100,0,0,1,0,0,1,0,1,0,481,1129,0
180,38,70.6,0,1,0,100,0,0,1,0,1,1,0,1,0,383,1627,0
400,48,79.8336,0,1,0,90,0,1,1,311,0,1,1,2,0,249,932,2
864,39,81.7,0,1,1,90,0,0,1,0,0,1,0,1,0,445,1277,1
1157,48,69.8544,0,0,0,90,0,0,1,0,0,1,0,1,0,389,931,2
303,39,81.5,0,1,0,100,0,0,1,0,0,1,0,1,0,317,915,3
744,36,67.0,0,1,1,80,0,1,1,754,1,1,1,3,0,239,1280,3
954,40,78.2,0,1,0,100,0,1,1,685,0,1,1,3,0,251,610,3
461,30,70.7616,0,1,0,100,0,1,1,1826,0,1,1,3,1,284,1287,1
459,29,78.4728,0,1,1,100,0,1,1,267,0,1,1,2,0,340,1067,2
178,34,65.5,0,1,0,100,0,0,1,0,0,1,0,1,0,501,1276,0
323,30,62.5968,0,1,0,100,0,0,1,0,1,1,0,1,1,394,1170,0
1277,28,59.8752,0,1,0,100,0,0,1,0,0,1,0,1,0,481,873,3
1907,26,70.0812,0,1,0,100,0,0,1,0,0,1,0,1,0,340,875,2
1113,49,82.1016,0,1,0,100,0,1,1,480,0,1,1,3,0,425,2248,0
790,40,78.4,0,1,0,90,0,0,1,1306,0,1,1,3,1,507,1498,1
1492,36,77.112,0,1,0,100,0,1,1,925,0,1,1,3,0,373,745,0
807,39,64.5,0,1,1,80,0,1,1,101,0,1,1,2,0,296,1647,2
733,48,64.0,0,1,0,90,0,0,1,0,0,1,0,1,0,439,497,1
1767,44,55.5,0,0,1,90,0,1,1,181,1,0,1,2,0,410,480,3
972,56,71.2152,0,0,1,80,0,1,1,858,1,1,1,3,0,341,773,1
420,35,69.4008,0,1,0,100,0,1,1,41,0,1,1,3,1,151,655,1
1912,51,102.3,0,1,0,90,0,0,1,0,0,1,0,1,0,409,563,2
1217,54,73.2564,0,1,0,90,0,0,1,0,0,1,0,1,1,271,825,0
695,39,69.5,0,1,0,90,0,1,1,1394,0,1,1,3,0,490,850,3
1407,38,65.3184,0,1,0,100,0,0,1,0,1,1,0,1,0,290,510,1
1169,43,64.4112,0,1,0,70,0,1,1,29,0,1,1,2,1,164,944,2
1895,33,74.844,0,1,0,100,0,1,1,595,0,1,1,3,0,364,655,1
541,58,80.3,0,1,0,100,0,1,1,483,0,1,1,3,0,364,826,2
481,37,79.8336,0,1,0,100,0,0,1,0,0,1,0,1,1,356,2884,3
264,33,67.1328,0,1,0,100,0,1,1,608,1,1,1,3,0,275,1011,0
722,45,59.0,0,1,1,90,0,1,1,49,0,1,1,2,0,475,1260,3
1815,39,63.0504,0,1,1,100,0,1,1,19,0,1,1,2,0,317,864,2
1942,30,75.9,0,1,0,100,0,0,1,0,0,1,0,1,0,580,950,1
318,27,81.648,0,1,0,100,0,0,1,0,1,1,0,1,0,349,604,2
1072,52,55.3392,0,0,0,100,0,1,1,1439,1,0,1,3,0,493,1114,2
148,30,61.0,0,1,0,100,0,1,1,53,1,1,1,2,0,297,1971,3
1744,32,97.9,0,0,0,90,0,0,1,0,1,1,0,1,1,250,1170,2
476,36,73.0296,0,0,0,100,0,0,1,0,0,1,0,1,1,277,1175,1
1509,29,65.772,0,1,0,100,0,1,1,817,0,1,1,3,0,403,854,1
321,21,96.6168,0,1,0,100,0,0,1,0,0,1,0,1,0,351,536,2
409,48,83.916,0,1,0,100,0,1,1,997,0,1,1,3,0,454,1135,3
1033,38,76.2048,0,1,0,100,0,0,1,0,1,1,0,1,0,199,707,3
2117,22,99.6,1,0,0,100,0,0,1,0,0,1,0,1,0,478,632,0
750,38,59.5,0,1,0,100,0,0,1,0,1,1,0,1,0,440,861,1
1661,40,65.5,0,1,0,80,0,0,1,0,0,1,0,1,0,274,1352,0
691,34,83.5,0,1,1,90,1,1,1,811,0,1,1,3,1,252,1143,3
922,29,57.1536,0,0,1,100,0,1,1,68,1,0,1,2,0,448,721,0
1352,33,68.04,0,1,0,90,0,0,1,0,0,1,0,1,0,320,610,0
289,38,88.5,0,1,0,90,1,1,1,94,0,1,1,2,0,392,961,0
608,36,62.5968,0,0,1,100,0,1,1,853,0,0,1,3,0,197,998,3
624,36,78.9264,0,1,0,100,0,0,1,0,0,1,0,1,0,230,1274,2
2060,52,80.2872,1,1,0,100,0,1,1,816,0,1,1,3,0,186,568,2
508,62,83.4624,0,1,0,100,0,0,1,0,0,1,0,1,0,234,845,2
1987,45,71.3,0,1,0,100,0,0,1,0,0,1,0,1,0,335,567,2
179,50,72.576,0,1,0,90,0,0,1,0,0,1,0,1,1,356,1045,3
201,51,87.2,0,0,0,90,0,1,1,113,1,1,1,2,0,336,1167,1
606,37,65.772,0,0,1,100,0,1,1,1203,0,0,1,3,0,368,896,0
1486,37,60.7,0,1,0,100,0,0,1,0,0,1,0,1,0,283,656,3
882,39,80.7,0,1,0,100,0,1,1,986,1,1,1,3,0,400,889,2
617,37,77.0,0,1,0,100,0,1,1,411,0,1,1,3,0,450,840,0
1358,36,70.7616,0,1,0,100,0,1,1,233,1,1,1,2,0,350,1180,1
1291,31,73.4832,0,1,0,100,0,1,1,997,0,1,1,3,1,368,1021,3
1940,36,69.5,0,1,0,100,0,0,1,0,1,1,0,1,0,190,340,0
669,42,55.2,0,1,0,90,0,0,1,0,0,1,0,1,0,522,1066,0
525,38,79.38,0,1,0,90,0,1,1,325,0,1,1,2,0,180,804,3
2098,25,73.4832,1,0,0,90,0,1,1,683,0,1,1,3,0,380,1360,2
579,27,77.112,0,1,0,90,0,0,1,0,0,1,0,1,0,288,1167,1
1538,35,49.4424,0,1,0,100,0,0,1,0,0,1,0,1,0,441,1391,0
1373,35,89.6,0,1,0,100,0,0,1,181,0,1,1,2,0,320,690,3
814,37,83.9,0,1,0,90,0,0,1,20,0,1,1,2,0,534,763,0
2071,28,68.2,1,0,0,100,0,1,1,832,0,1,1,3,0,278,324,0
1958,29,64.2,0,1,0,100,0,0,1,0,1,1,0,1,1,175,905,0
944,26,77.112,0,0,1,80,0,0,1,0,0,1,0,1,0,172,2267,3
1652,32,58.0,0,0,0,80,0,1,1,199,1,1,1,2,0,265,1132,1
66,33,70.62552,0,1,1,90,0,0,1,0,1,1,0,1,1,245,618,2
778,42,74.6,0,1,0,90,0,1,1,1303,0,1,1,3,1,188,1025,0
14,49,79.38,0,1,0,90,0,1,1,402,0,1,1,3,0,120,800,2
1203,34,64.4112,0,1,0,70,0,1,1,930,0,1,1,3,0,351,1109,0
1370,45,95.7096,0,1,0,100,0,1,1,155,1,1,1,2,0,630,1290,3
740,34,67.7,0,0,1,90,0,1,1,284,0,1,1,2,0,231,681,1
589,32,63.504,0,0,0,90,0,0,1,0,1,0,0,1,0,385,827,2
1037,31,80.2872,0,0,0,100,0,1,1,238,1,1,1,2,0,290,828,1
1647,29,72.3,0,1,0,100,0,1,1,160,0,1,1,2,0,298,518,0
2011,24,80.7408,1,0,0,100,0,1,1,872,1,0,1,3,0,271,829,3
1933,40,85.5,0,1,0,100,0,1,1,217,1,1,1,2,1,430,1260,0
1454,31,90.3,0,1,0,100,1,1,1,422,0,1,1,3,0,277,705,2
898,29,69.4008,0,0,0,90,0,1,1,1528,0,1,1,3,0,499,1002,3
2065,21,64.4,0,0,0,100,0,1,1,667,0,1,1,3,0,579,1116,0
1131,23,85.5,0,1,0,90,0,0,1,0,1,1,0,1,0,715,770,3
1995,62,98.8848,0,1,0,90,0,0,1,0,0,1,0,1,0,430,1040,1
1365,41,98.4312,0,1,0,90,0,1,1,2283,0,1,1,3,1,250,1380,2
901,50,97.0704,0,1,0,90,0,1,1,957,0,1,1,3,1,163,408,0
91,37,69.0,0,1,1,90,0,1,1,619,0,1,1,3,0,360,710,2
560,26,47.4012,0,0,0,90,0,1,1,632,1,0,1,3,0,377,801,0
866,35,85.7,0,1,0,100,0,0,1,0,0,1,0,1,0,350,1255,2
21,39,67.1328,0,0,1,100,0,1,1,1057,0,0,1,3,0,470,950,2
342,37,76.9,0,1,0,100,0,1,1,1487,0,1,1,3,0,743,1412,0
993,42,65.4,0,1,0,90,0,0,1,340,1,1,1,2,0,238,677,3
2015,17,83.916,1,0,0,90,0,1,1,501,0,1,1,3,0,388,1143,3
1752,40,68.7204,0,0,1,100,0,0,1,0,0,1,0,1,0,450,630,3
779,38,90.4,0,1,0,100,0,1,1,917,0,1,1,3,1,310,818,0
226,43,73.0296,0,1,0,80,1,0,1,432,1,1,1,3,1,259,1038,1
493,38,83.4624,0,0,0,90,0,1,1,763,0,1,1,3,0,248,765,0
1594,34,62.8236,0,1,1,100,0,0,1,0,1,0,0,1,0,223,839,2
1855,40,77.112,0,1,0,100,0,0,1,0,1,1,0,1,0,308,1441,3
626,38,93.4416,0,1,0,100,0,0,1,0,0,1,0,1,0,564,1495,1
35,38,87.0,0,1,1,90,0,1,1,67,0,1,1,2,1,496,2127,1
1086,31,72.1224,0,1,0,100,0,1,1,807,0,1,1,3,0,443,1129,0
131,27,66.2256,0,1,0,100,0,0,1,0,0,1,0,1,0,420,990,0
490,42,85.2768,0,1,0,100,0,0,1,0,0,1,0,1,0,306,612,1
1060,39,127.7,0,0,0,100,0,0,1,0,1,1,0,1,0,508,853,2
442,32,78.4728,1,0,0,100,0,1,1,1175,1,1,1,3,0,363,1258,3
1233,48,82.5552,0,1,0,100,0,1,1,678,0,1,1,3,0,257,1726,1
89,31,72.5,0,0,1,90,0,1,1,54,1,1,1,2,0,420,400,0
540,46,81.0,0,1,0,90,0,0,1,0,0,1,0,1,0,460,960,2
1669,39,80.7408,1,0,0,100,1,1,1,806,0,1,1,3,0,457,1306,2
92,40,78.5,0,0,1,90,0,1,1,688,1,1,1,3,0,280,1130,1
867,24,90.7,0,1,0,90,0,0,1,0,0,1,0,1,0,359,482,0
2111,25,78.5,1,0,0,100,0,1,1,490,0,1,1,3,0,202,694,3
1275,36,83.6892,0,1,0,100,0,0,1,0,0,1,0,1,0,321,1354,2
2101,32,61.9164,0,1,0,100,0,0,1,0,0,1,0,1,0,646,463,2
2087,50,97.9776,1,0,0,100,0,1,1,214,0,1,1,2,1,281,1176,2
55,50,88.9056,0,1,0,100,0,0,1,0,0,1,0,1,0,483,1208,1
2046,30,83.82528,1,0,1,100,0,0,1,0,0,1,0,1,0,248,538,2
1025,30,70.7616,0,1,0,100,0,0,1,0,1,1,0,1,0,331,1510,0
39,34,72.9,0,1,0,100,0,1,1,16,0,1,1,2,1,332,1571,0
1176,38,50.0,0,0,1,100,0,0,1,0,0,0,0,1,0,275,946,1
1798,32,96.1632,0,0,0,100,0,0,1,0,1,1,0,1,0,270,430,3
587,25,63.0504,0,1,0,90,0,0,1,0,0,1,0,1,1,372,1464,1
786,43,88.5,0,1,0,90,0,0,1,996,1,1,1,3,1,658,1026,1
1348,44,72.1224,0,1,0,90,0,0,1,0,0,1,0,1,0,380,520,0
516,26,70.0812,0,0,0,100,0,0,1,0,1,1,0,1,0,735,798,2
1857,36,82.1016,0,0,1,100,0,0,1,0,1,1,0,1,0,378,572,0
370,28,67.2,0,1,0,100,0,0,1,0,0,1,0,1,0,172,1412,1
460,34,62.5968,0,1,0,100,0,0,1,0,0,1,0,1,0,337,699,1
1683,22,53.298,0,0,0,100,0,0,1,0,1,0,0,1,0,306,1134,1
1194,37,78.5,0,1,0,100,0,0,1,0,0,1,0,1,0,410,623,0
448,49,70.0812,0,1,0,100,0,0,1,0,0,1,0,1,1,327,1125,1
1708,49,56.42784,0,1,1,90,0,0,1,0,1,1,0,1,0,450,1152,1
1098,37,89.04168,0,1,0,100,0,1,1,882,0,1,1,3,0,384,1151,1
211,43,73.9368,0,0,1,100,0,1,1,830,1,0,1,3,0,319,1101,2
1453,39,99.0,0,1,0,100,0,1,1,402,0,1,1,3,1,321,1076,1
1931,30,36.78696,0,1,0,90,0,0,1,0,0,1,0,1,0,222,666,2
596,32,90.72,0,0,0,90,0,0,1,0,1,0,0,1,0,362,1267,3
1000,39,80.9,0,0,1,90,0,1,1,1265,1,0,1,3,0,408,952,2
680,29,64.4112,0,1,0,90,0,0,1,0,1,1,0,1,0,265,437,3
1934,28,61.0,0,0,0,100,0,0,1,0,1,1,0,1,0,360,410,2
1003,31,70.0,0,0,0,100,0,0,1,365,1,0,1,2,0,376,1013,3
1966,32,64.4112,0,0,1,100,0,1,1,863,0,0,1,3,0,234,225,0
616,39,62.5968,1,0,0,100,0,1,1,1250,0,1,1,3,0,220,1070,3
613,38,67.5,0,0,0,100,0,1,1,420,0,0,1,3,0,460,840,2
449,31,85.2768,0,1,1,100,0,1,1,95,0,1,1,2,1,326,1710,2
2132,27,80.2872,1,0,0,70,0,1,1,2078,0,1,1,3,0,321,910,3
1518,37,79.38,0,1,0,100,0,0,1,0,0,1,0,1,0,385,819,0
1587,39,78.0192,0,1,0,80,0,1,1,1151,0,1,1,3,0,232,946,1
101,41,79.8336,0,1,0,100,0,1,1,348,0,1,1,2,0,340,903,2
2027,23,80.7408,1,0,0,100,0,1,1,843,0,1,1,3,0,524,690,2
1717,32,83.1,0,1,0,90,0,0,1,0,1,1,0,1,0,270,600,3
1263,34,100.6992,0,1,0,100,0,0,1,0,1,1,0,1,0,503,1760,3
1765,45,94.5756,0,0,1,100,0,1,1,372,1,1,1,3,1,310,1520,0
634,44,51.2568,0,1,0,100,0,0,1,0,0,1,0,1,1,222,1366,3
1444,48,83.4,0,1,1,100,0,1,1,1409,0,1,1,3,1,378,977,3
1369,28,68.4,0,0,0,90,0,0,1,0,0,0,0,1,1,160,730,2
160,40,78.0,0,1,1,90,0,1,1,511,0,1,1,3,1,228,520,2
1297,39,65.0916,0,1,1,90,0,1,1,983,0,1,1,3,1,393,2910,1
1284,41,63.9576,0,1,0,90,0,1,1,432,0,1,1,3,1,201,1186,3
1419,35,64.4112,0,1,0,80,0,1,1,91,0,1,1,2,0,588,1115,0
534,26,81.0,0,1,0,80,0,1,1,103,0,1,1,2,0,260,550,1
2081,35,73.2,1,0,0,90,0,1,1,916,0,1,1,3,0,519,1016,2
172,31,85.0,0,1,0,90,0,1,1,65,1,1,1,2,0,328,698,2
1416,26,83.4624,0,1,0,90,0,1,1,1177,1,1,1,3,0,340,650,2
764,34,70.0,0,0,1,80,0,0,1,0,1,0,0,1,1,404,2607,3
1780,29,92.5344,0,1,0,90,0,1,1,524,0,1,1,3,1,320,1360,2
1042,29,58.2876,0,0,0,100,0,1,1,959,1,0,1,3,0,324,713,3
301,33,68.6,0,0,0,90,0,1,1,906,0,0,1,3,0,260,1430,3
1355,37,76.2048,0,1,0,90,0,1,1,768,0,1,1,3,0,380,710,1
1922,31,72.8,0,0,0,90,0,0,1,0,0,0,0,1,0,314,572,3
1687,39,94.3,0,0,0,100,0,0,1,0,1,0,0,1,0,414,900,3
1627,37,63.504,0,0,0,90,0,1,1,1191,1,0,1,3,0,389,552,3
1389,43,77.112,0,1,1,90,0,0,1,0,0,1,0,1,0,260,1680,3
1488,25,79.5,0,1,0,100,0,0,1,0,0,1,0,1,0,420,873,1
1362,39,96.1632,0,0,0,100,0,1,1,166,1,1,1,2,0,230,650,0
252,31,83.0,0,1,0,100,0,0,1,0,0,1,0,1,0,663,1109,2
1546,36,67.5864,0,1,0,100,0,1,1,1132,0,1,1,3,0,489,887,2
1227,38,82.3284,0,1,0,100,0,1,1,287,0,1,1,2,0,446,601,1
713,38,78.2,0,0,0,100,0,1,1,105,0,1,1,2,0,176,832,2
185,45,69.0,0,1,0,90,0,1,1,1423,0,1,1,3,0,334,2079,0
1411,28,73.9368,0,1,0,100,0,0,1,0,0,1,0,1,0,550,370,2
648,39,81.648,0,0,1,100,0,1,1,243,0,1,1,2,0,407,1201,1
935,57,57.1536,0,0,0,90,0,1,1,193,1,0,1,2,0,498,659,2
1442,29,68.4936,0,1,0,100,0,0,1,0,0,1,0,1,0,706,980,1
1320,45,78.0192,0,1,0,90,0,0,1,0,0,1,0,1,1,490,1592,1
1214,35,90.9468,0,1,0,80,0,1,1,630,0,1,1,3,1,259,609,1
2037,44,82.1016,1,0,0,100,0,1,1,918,0,1,1,3,0,534,383,2
356,30,84.8232,0,1,1,100,0,0,1,0,0,1,0,1,1,532,458,3
1172,48,112.0,0,0,0,100,0,1,1,548,0,0,1,3,0,124,715,0
1869,27,63.86688,0,1,0,100,0,0,1,0,1,1,0,1,0,490,990,0
405,28,63.0504,0,1,0,100,0,1,1,778,1,1,1,3,0,314,627,1
72,33,78.6,0,1,0,90,1,0,1,460,0,1,1,3,0,250,850,2
363,29,89.7,0,1,0,100,0,1,1,1114,1,1,1,3,1,187,774,1
1719,38,69.8,0,1,0,90,0,1,1,41,1,1,1,2,0,230,1690,2
1053,33,68.0,0,0,1,100,0,1,1,842,0,1,1,3,0,304,632,0
844,36,69.3,0,1,1,80,0,1,1,368,0,1,1,3,0,267,839,0
1551,37,70.308,0,0,0,100,0,0,1,0,0,0,0,1,0,356,523,1
1584,30,58.5144,0,1,0,100,1,0,1,112,0,1,1,2,0,387,775,2
1992,40,78.9264,0,0,0,90,0,0,1,0,1,0,0,1,0,330,920,3
1173,40,66.3,0,0,1,100,0,1,1,382,1,1,1,3,0,197,531,1
654,45,69.0,0,0,1,100,0,0,1,0,1,0,0,1,0,350,620,3
328,44,82.5552,0,1,0,90,0,0,1,0,0,1,0,1,0,280,719,0
139,26,80.514,0,1,0,100,0,1,1,495,0,1,1,3,0,250,570,1
105,27,72.576,0,1,0,100,0,0,1,0,0,1,0,1,0,287,958,3
716,29,105.9,0,1,0,100,0,1,1,387,0,1,1,3,0,477,893,2
2040,16,54.8856,1,0,0,100,0,1,1,833,1,1,1,3,0,470,950,1
842,29,75.7,0,1,0,90,0,0,1,0,0,1,0,1,0,524,1254,1
711,63,92.0808,0,1,0,90,0,1,1,76,0,1,1,2,0,213,1314,0
893,28,44.18064,0,0,0,100,0,0,1,0,1,0,0,1,0,502,1363,3
1505,27,101.0,0,0,0,100,0,1,1,190,0,0,1,2,0,337,702,2
1686,42,82.3,0,0,1,100,0,1,1,6,1,0,0,1,0,341,429,0
1619,43,97.524,0,0,0,100,0,0,1,0,1,1,0,1,0,240,410,0
468,30,64.8648,0,1,0,100,0,0,1,0,0,1,0,1,1,447,1482,3
746,55,60.7824,0,1,0,100,0,0,1,0,0,1,0,1,0,362,739,2
938,45,78.9264,0,1,0,90,0,1,1,369,0,1,1,3,0,512,1901,3
1221,35,67.5864,0,0,0,100,1,1,1,755,1,0,1,3,0,259,549,3
1701,40,71.6,0,1,0,100,0,1,1,238,0,1,1,2,0,330,350,2
1674,30,63.9576,1,1,0,100,0,1,1,1755,0,1,1,3,0,250,1248,3
1550,35,73.9368,0,1,0,100,0,1,1,59,0,1,1,2,0,347,891,2
787,59,86.0,0,1,0,80,0,1,1,969,0,1,1,3,0,308,627,0
177,30,75.5,0,1,0,90,0,0,1,0,1,1,0,1,1,280,1003,0
1741,47,89.1,1,0,0,90,0,0,1,0,0,1,0,1,0,220,1020,3
853,32,89.5,0,1,0,90,0,1,1,1055,0,1,1,3,0,282,2666,1
2033,19,70.308,1,0,0,100,0,1,1,667,0,1,1,3,0,410,913,1
725,38,87.0,0,1,0,90,0,1,1,832,0,1,1,3,0,255,1149,3
752,50,82.7,0,1,0,90,0,1,1,119,0,1,1,2,0,187,811,0
1385,42,97.7,0,1,0,100,0,1,1,358,0,1,1,2,0,410,830,2
326,33,92.5344,0,1,0,100,0,0,1,0,1,1,0,1,0,617,935,3
611,25,78.10992,0,1,1,90,0,1,1,517,0,1,1,3,1,404,1039,0
1645,36,93.1,0,1,0,100,0,1,1,551,0,1,1,3,0,541,1434,0
424,38,77.112,0,1,0,100,0,1,1,872,0,1,1,3,1,238,756,3
231,36,75.2976,0,0,0,100,0,1,1,910,1,1,1,3,1,375,795,2
260,34,80.5,0,1,0,100,0,0,1,325,0,1,1,2,0,234,971,3
672,26,79.0,0,1,0,90,0,0,1,0,1,1,0,1,0,176,880,0
1211,30,69.8544,0,0,1,90,0,0,1,167,0,0,1,2,1,184,605,1
1162,27,62.5968,0,0,0,90,0,0,1,0,1,1,0,1,0,270,917,2
1380,30,73.2,0,1,0,100,0,0,1,0,0,1,0,1,0,270,560,3
1479,23,70.308,0,1,0,100,0,0,1,0,0,1,0,1,0,540,1920,0
1528,34,63.504,0,1,0,100,0,1,1,918,1,1,1,3,0,294,1292,1
1081,35,63.5,0,1,0,90,0,1,1,1272,0,1,1,3,0,278,520,1
1742,30,60.8,0,1,0,90,0,0,1,0,1,1,0,1,0,390,640,2
1654,21,77.9,1,0,0,90,0,0,1,0,1,1,0,1,0,373,549,0
316,41,84.3696,0,1,0,100,0,0,1,0,0,1,0,1,0,326,1364,0
700,34,56.4,0,1,0,100,0,1,1,1237,0,1,1,3,1,202,1336,1
1319,42,79.8336,0,1,0,80,0,0,1,0,0,1,0,1,0,232,560,1
1404,34,105.0084,0,1,0,90,0,0,1,0,0,1,0,1,0,230,1470,2
1588,28,83.2356,0,1,0,100,0,1,1,1104,0,1,1,3,0,313,1111,2
1921,39,74.43576,0,1,0,90,0,0,1,0,0,1,0,1,0,406,624,0
1916,40,70.4,0,1,0,90,0,0,1,0,0,1,0,1,0,238,666,0
2022,32,72.2,1,0,0,100,0,1,1,942,0,1,1,3,0,287,786,0
1904,30,70.9884,0,1,1,100,0,0,1,0,0,1,0,1,0,300,1307,1
1124,30,53.3,0,1,0,100,0,1,1,302,0,1,1,2,1,578,849,3
2016,24,90.0,1,0,0,100,0,1,1,881,0,1,1,3,0,208,578,2
1428,27,73.2564,0,1,0,100,0,0,1,0,0,1,0,1,0,444,1159,1
1793,37,87.0912,0,0,0,100,0,1,1,6,0,1,0,1,0,450,970,3
920,31,42.4116,0,0,1,80,0,1,1,99,1,0,1,2,0,448,749,1
1007,32,86.184,0,1,0,90,0,0,1,304,0,1,1,2,0,379,728,0
372,48,68.1,0,1,0,100,0,0,1,0,0,1,0,1,1,374,1240,2
141,49,88.452,0,1,0,90,0,1,1,203,0,1,1,2,1,220,520,1
441,46,92.0808,0,1,0,100,0,0,1,0,0,1,0,1,0,230,1171,1
667,26,58.2,0,1,0,90,0,0,1,445,0,1,1,3,0,302,544,0
1819,28,77.112,0,0,0,100,0,0,1,0,1,0,0,1,0,386,671,0
1270,34,58.0608,0,0,0,100,0,0,1,0,0,0,0,1,0,307,1102,1
1229,35,87.0912,0,1,0,90,0,1,1,795,1,1,1,3,1,369,654,0
1011,30,80.7408,0,0,0,100,0,0,1,0,0,1,0,1,0,389,1355,2
808,38,76.7,0,1,0,90,0,1,1,297,1,1,1,2,0,184,368,0
629,36,120.6576,0,1,0,100,0,1,1,132,0,1,1,2,0,276,1441,2
1777,40,70.0812,0,0,1,80,0,0,1,0,0,0,0,1,0,400,1250,1
218,29,83.0,0,1,0,100,0,0,1,0,0,1,0,1,0,304,801,3
1603,32,50.8032,0,0,1,80,0,0,1,0,0,0,0,1,0,253,933,2
837,32,73.5,0,1,0,90,0,1,1,137,0,1,1,2,0,188,774,3
850,32,85.8,0,1,0,80,0,1,1,1116,0,1,1,3,0,270,740,3
612,33,80.0,0,1,0,100,0,1,1,414,0,1,1,3,0,320,1600,2
1858,32,65.4,0,0,0,100,0,1,1,588,1,0,1,3,0,250,570,2
1462,30,80.0,0,1,0,100,0,0,1,0,0,1,0,1,0,417,780,0
732,43,75.9,0,1,1,100,0,1,1,142,0,1,1,2,0,519,2412,1
1144,33,76.2048,0,1,0,90,0,0,1,0,0,1,0,1,0,1199,509,1
2005,21,68.0,1,0,0,100,0,0,1,0,0,1,0,1,1,417,659,2
1083,38,88.2,0,1,0,90,0,0,1,355,0,1,1,2,0,342,1095,3
182,35,65.7,0,1,0,100,0,1,1,1725,0,1,1,3,0,470,1970,2
1900,39,73.0296,0,1,0,100,0,0,1,0,1,1,0,1,0,254,606,0
894,25,84.1428,0,0,0,100,0,0,1,0,0,1,0,1,0,264,950,0
2038,24,49.896,1,0,0,100,0,1,1,819,1,1,1,3,0,190,950,2
584,36,68.04,0,0,0,90,0,0,1,0,1,1,0,1,1,334,1068,2
1769,42,62.5,0,0,0,100,0,1,1,539,1,0,1,3,1,400,940,0
1723,25,103.5,0,1,0,90,0,1,1,508,0,1,1,3,1,280,850,0
32,34,69.6,0,1,0,80,0,1,1,281,0,1,1,2,0,257,1063,3
1473,36,62.2,0,0,0,90,0,1,1,514,0,0,1,3,0,297,501,1
153,31,79.2,0,1,0,100,0,0,1,0,0,1,0,1,1,504,857,3
1868,43,79.8336,0,0,1,90,0,0,1,0,1,1,0,1,0,200,450,1
1637,26,56.2464,0,0,0,90,0,0,1,0,0,0,0,1,0,442,1211,3
1161,28,65.772,0,1,0,90,0,0,1,0,1,1,0,1,0,467,1786,1
572,24,70.7616,0,1,1,90,0,1,1,75,0,1,1,2,0,410,834,0
697,27,88.6,1,0,0,100,0,1,1,1005,0,1,1,3,1,234,228,1
1481,29,70.8,0,1,0,100,0,0,1,0,0,1,0,1,0,918,2793,2
838,27,67.9,0,1,0,80,0,1,1,455,1,1,1,3,1,257,831,3
261,59,87.5448,0,1,0,100,1,0,1,969,0,1,1,3,0,421,1671,1
10,34,95.256,0,0,0,100,0,1,1,897,1,0,1,3,0,471,770,2
453,32,82.5552,0,1,0,100,0,0,1,0,0,1,0,1,1,435,519,2
650,30,97.2972,0,1,0,90,0,1,1,302,1,1,1,2,0,480,1320,2
1555,31,64.4112,0,1,0,100,0,1,1,17,0,1,1,2,0,294,662,0
1259,35,78.0192,0,1,0,100,0,0,1,0,0,1,0,1,1,236,769,1
329,30,88.9056,0,1,0,100,0,0,1,0,0,1,0,1,0,690,830,3
1148,23,78.4728,0,1,0,100,0,1,1,238,0,1,1,2,0,168,512,1
857,33,78.8,0,1,0,100,0,0,1,0,0,1,0,1,0,307,998,0
1252,26,68.04,0,1,0,90,0,1,1,930,0,1,1,3,0,282,894,3
1548,42,72.1224,0,1,0,100,0,1,1,606,0,1,1,3,0,292,626,3
1405,31,72.8028,0,1,0,100,0,1,1,718,0,1,1,3,0,310,640,1
977,44,84.3696,0,1,1,80,0,1,1,1137,1,1,1,3,0,359,1040,3
115,45,66.2256,0,0,1,90,0,0,1,0,0,1,0,1,0,429,636,2
429,27,61.236,0,1,0,100,0,1,1,939,0,1,1,3,1,420,1387,1
1179,41,58.0,0,0,0,100,0,0,1,0,1,0,0,1,0,413,1106,1
653,22,78.0,0,0,0,100,0,0,1,0,0,0,0,1,0,360,610,0
1569,28,125.6472,0,0,0,100,0,0,1,0,1,1,0,1,0,257,570,3
1438,28,65.3184,0,1,0,100,0,0,1,0,1,1,0,1,0,265,3101,2
1269,41,83.4624,0,1,0,90,0,0,1,0,0,1,0,1,1,198,1859,0
1920,33,75.5,0,1,0,90,0,0,1,0,0,1,0,1,0,112,291,3
552,40,78.0192,0,0,1,90,0,1,1,870,1,0,1,3,1,527,702,0
1266,30,77.5656,0,0,0,90,0,0,1,0,1,1,0,1,0,309,910,1
1188,29,66.6792,0,0,0,100,0,0,1,0,1,1,0,1,0,286,784,2
383,30,73.6,0,0,0,100,0,0,1,0,0,1,0,1,0,412,807,0
1796,33,68.4936,0,1,0,100,0,0,1,0,0,1,0,1,0,190,830,2
1312,36,78.9264,0,1,0,90,0,0,1,0,0,1,0,1,0,350,946,3
996,32,92.7,0,0,0,90,0,1,1,304,0,1,1,2,0,289,714,2
15,40,83.0088,0,1,0,100,0,1,1,974,0,1,1,3,1,150,1730,0
1631,40,69.6276,0,1,1,100,0,0,1,0,0,1,0,1,1,609,1430,3
1727,34,63.2,1,0,0,90,0,1,1,662,0,1,1,3,0,260,480,1
1993,47,62.5968,0,0,0,90,0,1,1,385,0,0,1,3,0,110,230,3
1182,32,63.6,0,0,0,100,0,1,1,353,0,0,1,2,0,275,301,3
664,58,63.504,0,1,0,90,0,1,1,141,1,1,1,2,0,275,550,3
512,27,71.2152,0,1,0,100,0,0,1,0,0,1,0,1,0,336,960,0
304,46,123.3792,0,0,1,100,0,0,1,0,1,1,0,1,0,380,677,1
682,51,60.3288,0,1,0,90,0,0,1,0,0,1,0,1,0,291,1012,0
473,37,83.4624,0,1,1,100,0,0,1,0,0,1,0,1,0,239,686,1
571,31,75.2976,0,0,0,100,0,1,1,343,1,0,1,2,0,392,864,3
1087,45,68.4936,0,1,0,100,0,1,1,818,0,1,1,3,0,242,653,2
1739,24,71.3,0,1,0,90,0,0,1,0,1,1,0,1,0,500,840,3
438,38,86.8644,0,1,0,100,0,0,1,0,0,1,0,1,0,400,871,0
410,32,60.7824,0,1,0,100,0,1,1,20,0,1,1,3,0,474,2104,2
632,28,85.2768,0,1,0,100,0,0,1,0,0,1,0,1,0,385,820,1
1476,36,75.2,0,1,0,100,0,0,1,0,0,1,0,1,0,297,606,2
1272,44,100.2456,0,0,1,90,0,1,1,245,0,0,1,2,0,353,794,1
122,34,83.916,0,1,0,100,0,0,1,0,1,1,0,1,0,376,1129,1
1450,38,102.5,0,1,0,100,0,0,1,0,0,1,0,1,0,293,930,3
1697,27,94.89312,0,1,1,90,0,1,1,188,0,1,1,2,0,370,860,1
1544,49,76.2048,0,1,0,100,0,0,1,0,0,1,0,1,0,455,1176,1
1256,43,91.6272,0,1,0,90,0,0,1,0,0,1,0,1,1,249,1305,2
1183,28,63.6,0,0,0,90,0,1,1,728,1,1,1,3,0,267,721,0
1688,22,60.3288,0,1,0,100,0,0,1,0,0,1,0,1,0,525,1400,2
1472,31,82.5,0,1,0,100,0,0,1,0,0,1,0,1,0,178,978,3
2044,28,72.03168,1,0,0,100,1,0,1,88,0,1,1,2,0,348,528,0
1387,31,114.534,0,1,0,100,0,1,1,685,1,1,1,3,0,160,620,0
1361,39,76.2048,0,1,0,100,0,0,1,0,0,1,0,1,1,390,910,3
1534,32,70.7616,0,1,0,100,0,0,1,576,0,1,1,3,0,271,566,0
418,37,57.1536,0,1,0,100,0,1,1,811,1,1,1,3,1,366,1323,3
1383,52,51.4,0,0,0,90,0,1,1,665,1,1,1,3,0,480,1020,3
775,35,74.3,0,1,0,90,0,1,1,896,0,1,1,3,0,438,716,3
576,23,84.1428,0,1,0,100,0,0,1,243,0,1,1,2,0,376,667,3
23,44,75.0,0,0,0,100,0,1,1,729,0,1,1,3,0,400,990,3
1249,29,86.72832,0,1,0,100,0,1,1,20,0,1,1,2,0,218,1142,1
683,28,60.3288,0,1,0,90,0,0,1,0,0,1,0,1,0,388,885,2
1160,28,80.2872,0,1,0,90,0,0,1,0,1,1,0,1,0,558,1421,3
1776,31,85.7304,0,1,0,90,0,1,1,504,0,1,1,3,0,350,410,0
1076,33,79.8336,0,0,0,100,0,1,1,436,1,0,1,3,0,209,823,3
1200,34,57.6072,0,1,0,80,0,1,1,1292,0,1,1,3,1,200,380,1
11,38,76.4316,0,1,0,100,0,1,1,461,0,1,1,3,0,340,660,3
2034,28,114.7608,1,0,0,100,0,0,1,0,0,1,0,1,0,396,990,0
1662,23,74.4,0,1,0,90,0,0,1,0,1,1,0,1,0,221,731,0
309,23,87.0,0,0,0,100,0,0,1,0,0,0,0,1,0,257,960,0
542,33,61.2,0,1,1,90,0,1,1,383,0,0,1,3,0,506,1408,2
937,36,81.1944,0,1,0,90,0,0,1,0,0,1,0,1,0,421,590,2
1056,37,69.0,0,0,0,100,0,0,1,0,1,0,0,1,0,209,653,3
1545,35,75.5244,0,1,0,100,0,1,1,909,0,1,1,3,0,328,820,0
1766,41,86.184,0,0,0,100,0,1,1,371,1,0,1,3,0,310,1230,3
1639,33,71.2152,0,1,0,100,0,0,1,0,0,1,0,1,0,221,598,2
335,37,72.5,0,1,0,100,0,1,1,969,0,1,1,3,1,259,1166,1
1377,42,58.0,0,1,0,100,0,1,1,2851,0,1,1,2,0,280,590,3
1280,42,78.0192,0,1,0,90,0,0,1,0,1,1,0,1,1,514,1146,2
1829,27,53.9784,0,0,0,100,0,1,1,816,1,0,1,3,0,237,1120,3
1846,42,68.04,0,1,0,100,0,0,1,0,1,1,0,1,0,426,1520,1
902,37,94.8024,0,1,0,90,0,0,1,732,0,1,1,3,0,494,1059,0
1914,54,75.5,0,0,0,100,0,0,1,0,0,0,0,1,1,418,1426,2
1490,33,78.7,0,1,0,100,0,1,1,703,0,1,1,3,0,622,941,0
766,43,69.4008,0,0,1,90,0,0,1,0,0,0,0,1,0,457,556,0
184,32,74.3904,0,1,0,100,0,0,1,1160,0,1,1,3,0,548,379,3
1018,36,86.184,0,1,0,90,0,1,1,1111,0,1,1,3,0,413,1084,2
1420,38,79.38,0,1,0,100,0,1,1,928,0,1,1,3,1,239,1180,2
1500,42,76.2048,0,1,0,100,0,1,1,938,0,1,1,3,0,494,784,2
272,29,74.6172,0,1,0,100,0,1,1,293,0,1,1,2,0,293,1251,0
668,44,104.5,0,1,0,90,0,1,1,42,0,1,1,2,0,468,605,1
805,27,56.7,0,1,0,90,0,0,1,0,0,1,0,1,0,464,1206,1
1728,22,62.3,0,1,0,90,0,1,1,60,0,1,1,2,0,530,816,0
1364,52,65.3184,0,1,0,100,0,1,1,646,0,1,1,3,0,410,1400,1
203,33,79.1532,0,1,0,100,0,0,1,0,0,1,0,1,0,587,1264,2
1541,36,78.38208,0,1,0,100,0,0,1,206,1,1,1,2,0,327,776,1
698,40,75.9,0,1,0,90,0,1,1,1318,0,1,1,3,1,381,1332,0
1064,41,61.236,1,0,0,100,0,0,1,195,1,0,1,2,0,459,604,0
287,31,73.0296,0,1,0,100,0,1,1,181,0,1,1,2,1,269,1308,0
67,28,66.6792,0,1,0,100,0,0,1,0,0,1,0,1,0,499,447,3
550,30,59.9,0,1,0,90,0,0,1,0,1,1,0,1,1,363,2442,2
2074,30,73.0296,1,0,0,100,0,1,1,264,0,1,1,2,0,718,491,1
1245,24,102.06,1,0,0,100,0,1,1,138,1,1,1,2,0,387,1462,1
1870,39,73.9368,0,0,0,100,0,0,1,0,1,0,0,1,0,420,730,2
1166,44,69.0,0,1,0,100,0,1,1,933,0,1,1,3,0,580,2617,1
270,28,72.5,0,1,0,100,0,0,1,0,0,1,0,1,0,381,1028,3
1181,36,65.9,0,0,1,100,0,1,1,503,1,1,1,3,0,237,919,2
961,33,75.4,0,1,0,100,0,1,1,915,0,1,1,3,0,439,1117,2
158,27,91.6,0,1,0,100,0,0,1,153,0,1,1,2,0,229,866,3
892,30,83.50776,0,1,0,100,0,0,1,0,0,1,0,1,0,375,1054,0
1108,49,91.1736,0,1,0,90,0,0,1,0,0,1,0,1,1,331,1426,0
643,39,66.906,0,0,1,90,0,1,1,577,1,1,1,3,0,256,1099,0
1641,59,53.3,0,0,0,80,0,1,1,1143,0,0,1,3,0,236,354,1
1713,31,56.3,0,1,1,90,0,1,1,510,0,1,1,3,0,260,1140,3
1334,38,66.8,0,1,0,90,0,1,1,959,0,1,1,3,0,580,1480,1
447,20,72.576,1,0,0,100,0,1,1,743,1,1,1,3,0,369,548,3
315,31,71.6688,0,1,0,100,0,0,1,0,0,1,0,1,0,481,678,2
1224,32,77.112,0,1,0,90,0,1,1,24,0,1,1,2,1,370,601,3
1917,60,65.8,0,1,0,90,0,0,1,0,0,1,0,1,0,326,405,3
1975,25,74.9,0,0,0,90,0,0,1,0,0,0,0,1,0,418,1064,1
223,46,77.112,0,0,0,100,0,0,1,760,1,0,1,3,0,324,356,3
827,26,79.4,0,1,0,90,0,1,1,334,0,1,1,2,0,356,978,0
743,50,83.3,0,1,0,80,0,0,1,0,0,1,0,1,1,391,858,3
663,25,64.4112,0,1,0,90,0,1,1,659,1,1,1,3,0,157,288,2
